paper_id	characteristic_id	raw_signal	construction_summary	sample_and_timing	breakpoints	weighting	rebalancing_frequency	holding_period	long_leg	short_leg	paper_lms_direction	evidence_pointer	evidence_type	confidence	reviewer_notes
abarbanell-1998	pchcapx_ia	industry-adjusted % change in capital expenditures	CAPX is one of the fundamental signals used in the strategy; the paper links it to capital expenditures relative to the industry benchmark and uses annual zero-investment portfolios.	Sample 1974-1988 for the main strategy and 1989-1993 for the holdout period; signals are formed from annual accounting data.	Annual decile ranks of the signal, beta, and earnings-change controls.	OLS-derived zero-investment weights on [1, RSIGNAL, RBETA, RCEPS].	Annual.	12 months.	Low CAPX / lower industry-adjusted capital expenditures.	High CAPX / higher industry-adjusted capital expenditures.	not-simple	doi:10.2139/ssrn.40740; paperzz:L43-L57; paperzz:L225-L248; paperzz:L314-L323; paperzz:L337-L409	public_html	high	The source uses OLS-derived zero-investment weights rather than a simple low-minus-high spread; the leg sign is therefore not promoted to a simple LMS direction.
abarbanell-1998	pchgm_pchsale	% change in gross margin - % change in sales	The gross-margin signal is defined as an increase or decrease in the percentage change in gross margin relative to sales; improvements imply better expected operating performance.	Sample 1974-1988 for the main strategy and 1989-1993 for the holdout period; signals are formed from annual accounting data.	Annual decile ranks of the signal, beta, and earnings-change controls.	OLS-derived zero-investment weights on [1, RSIGNAL, RBETA, RCEPS].	Annual.	12 months.	High gross-margin growth / higher gross margin relative to sales.	Low gross-margin growth / lower gross margin relative to sales.	not-simple	doi:10.2139/ssrn.40740; paperzz:L43-L57; paperzz:L231-L235; paperzz:L337-L409	public_html	high	The source uses OLS-derived zero-investment weights rather than a simple high-minus-low spread; the leg sign is therefore not promoted to a simple LMS direction.
abarbanell-1998	pchsale_pchinvt	% change in sales - % change in inventory	The inventory signal is the percentage difference between sales and its expected value less an analogous measure for inventory; faster inventory growth than sales is bad news.	Sample 1974-1988 for the main strategy and 1989-1993 for the holdout period; signals are formed from annual accounting data.	Annual decile ranks of the signal, beta, and earnings-change controls.	OLS-derived zero-investment weights on [1, RSIGNAL, RBETA, RCEPS].	Annual.	12 months.	Higher sales growth relative to inventory growth.	Lower sales growth relative to inventory growth.	not-simple	doi:10.2139/ssrn.40740; paperzz:L43-L57; paperzz:L231-L233; paperzz:L337-L409	public_html	high	The source uses OLS-derived zero-investment weights rather than a simple high-minus-low spread; the leg sign is therefore not promoted to a simple LMS direction.
abarbanell-1998	pchsale_pchrect	% change in sales - % change in accounts receivable	The AR signal is the change in accounts receivable relative to the change in sales; the paper treats an AR expansion faster than sales as a warning sign.	Sample 1974-1988 for the main strategy and 1989-1993 for the holdout period; signals are formed from annual accounting data.	Annual decile ranks of the signal, beta, and earnings-change controls.	OLS-derived zero-investment weights on [1, RSIGNAL, RBETA, RCEPS].	Annual.	12 months.	Higher sales growth relative to receivables growth.	Lower sales growth relative to receivables growth.	not-simple	doi:10.2139/ssrn.40740; paperzz:L43-L57; paperzz:L244-L248; paperzz:L337-L409	public_html	high	The source uses OLS-derived zero-investment weights rather than a simple high-minus-low spread; the leg sign is therefore not promoted to a simple LMS direction.
abarbanell-1998	pchsale_pchxsga	% change in sales - % change in SG&A	The S&A signal is increases or decreases in selling and administrative expenses relative to the percentage change in sales.	Sample 1974-1988 for the main strategy and 1989-1993 for the holdout period; signals are formed from annual accounting data.	Annual decile ranks of the signal, beta, and earnings-change controls.	OLS-derived zero-investment weights on [1, RSIGNAL, RBETA, RCEPS].	Annual.	12 months.	Higher sales growth relative to SG&A growth.	Lower sales growth relative to SG&A growth.	not-simple	doi:10.2139/ssrn.40740; paperzz:L43-L57; paperzz:L317-L323; paperzz:L337-L409	public_html	high	The source uses OLS-derived zero-investment weights rather than a simple high-minus-low spread; the leg sign is therefore not promoted to a simple LMS direction.
almeida-2007	tang	asset tangibility / pledgeable assets	The published paper studies corporate investment-cash-flow sensitivities rather than stock-return portfolios. Its main firm-level liquidation-value proxy is 0.715 × receivables + 0.547 × inventory + 0.535 × capital, with cash added and the total scaled by lagged assets; alternative industry-liquidity and asset-durability measures are also tested.	COMPUSTAT manufacturing firms (SIC 2000-3999), 1985-2000; variables enter annual investment regressions in lagged form.	Regression and sample-split tests; descriptive low/high tangibility groups use the bottom/top three annual deciles, but they are not return portfolios.	Regression analysis; no stock-portfolio weights.	Annual firm-year tests.	N/A	N/A	N/A	not-simple	extracted-text/almeida-2007-publisher.txt:390-430,633-708,927-950,1136-1179	extracted_text	high	The published RFS article gives the accounting formula and sample design, but it does not define a tang stock-return long-short strategy. Low/high tangibility groups support corporate-investment tests only.
amihud-1989	baspread	bid-ask percentage spread	Form 49 equal portfolios in a 7-by-7 sort on bid-ask spread and beta; spread is estimated from the year just preceding the test year and portfolio excess returns are then measured.	Beta is estimated over the prior 60 months; bid-ask spread is measured from the data in the year just preceding year n; the portfolio returns are reported for 1961-1980.	7 spread groups x 7 beta groups; the cited passage does not report numeric cutpoints.	Equal portfolios / equal-weighted portfolio excess returns.	Annual.	One year.	Higher-spread portfolio / no explicit long leg stated in the passage.	Lower-spread portfolio / no explicit short leg stated in the passage.	N/A	doi:10.1111/j.1540-6261.1989.tb05067.x; scholar:10.1111/j.1540-6261.1989.tb05067.x_0003 (Section I); scholar:10.1111/j.1540-6261.1989.tb05067.x_0004 (Table I)	direct_method_passage	high	Direct construction text supports the 7x7 sort, prior-window beta estimation, and annual spread measurement; the paper does not state an explicit long-short hedge in the cited passage.
amihud-2002	ill	ILLIQ = average daily absolute return divided by dollar volume	The illiquidity measure is the daily ratio of absolute stock return to dollar volume, averaged over some period; higher illiquidity predicts higher expected returns.	Daily stock data; the abstract frames both cross-sectional and time-series tests rather than a single traded portfolio.	Daily ratio averaged over a period; no numeric cutoffs reported in the abstract.	Regression-based and time-series tests; no portfolio weights reported in the abstract.	N/A	N/A	Higher illiquidity / higher average |return| per dollar volume.	Lower illiquidity / lower average |return| per dollar volume.	N/A	doi:10.1016/S1386-4181(01)00024-6; sciencedirect:abstract	public_html	high	Abstract-level support is strong for the ILLIQ definition; the paper does not describe a simple hedge recipe in the abstract.
anderson-2006	grcapx	capital investment growth (cegth2 = (capexp_t-1 - capexp_t-3) / capexp_t-3)	At the end of June each year, sort stocks into five quintiles on capital investment growth from fiscal year t-3 to t-1, then compute monthly returns from July of year t to June of year t+1.	Sample period is 1976-1999 with 36 months of return history before inclusion; the key growth proxy is measured from fiscal year t-3 to t-1.	Five quintiles; no numeric breakpoint cutoffs are stated in the cited passage.	Value-weighted in panels C/E; Fama-French methodology is used.	Annual formation at end of June; monthly return measurement thereafter.	12 months.	Highest capital investment growth quintile / no explicit long leg stated in the passage.	Lowest capital investment growth quintile / no explicit short leg stated in the passage.	N/A	doi:10.1111/j.1540-6261.2006.00833.x; scholar:10.1111/j.1540-6261.2006.00833.x_0007 (Section II); scholar:10.1111/j.1540-6261.2006.00833.x_0019 (Section III)	direct_method_passage	high	Direct construction text supports the cegth2 proxy, annual quintile sorts, July-to-June return window, and the value-weighted portfolio panels.
asness-2000	bm_ia	industry-adjusted book-to-market	Book-to-market minus the industry mean of book-to-market.	Annual Compustat and CRSP data; the later formal appendix records annual frequency.	Industry demeaning; no standalone portfolio cutoffs are reported in the formal cross-check.	Not reported.	Annual.	Not reported.	Higher industry-adjusted book-to-market exposure.	Lower industry-adjusted book-to-market exposure.	N/A	extracted-text/fallahgoul-2024-supplement.txt:4435-4441@supporting-information/fallahgoul-2024/fallahgoul-franstianto-lin-2024-supplement.pdf; extracted-text/gu-2020-internet-appendix.txt:2088-2093@supporting-information/gu-2020/gu-kelly-xiu-2020-internet-appendix.pdf	formal_published_si_crosscheck	medium	Two formal journal supplements confirm the exact definition, annual frequency, and that the original Asness-Porter-Stevens source is a working paper. No published standalone H-L portfolio recipe was found, so direction is not promoted from the code sign.
asness-2000	cfp_ia	industry-adjusted cash flow-to-price ratio	Cash-flow-to-price ratio minus its industry mean.	Annual Compustat data; the later formal appendix records annual frequency.	Industry demeaning; no standalone portfolio cutoffs are reported in the formal cross-check.	Not reported.	Annual.	Not reported.	Higher industry-adjusted cash-flow-to-price exposure.	Lower industry-adjusted cash-flow-to-price exposure.	N/A	extracted-text/fallahgoul-2024-supplement.txt:4485-4491@supporting-information/fallahgoul-2024/fallahgoul-franstianto-lin-2024-supplement.pdf; extracted-text/gu-2020-internet-appendix.txt:2123-2128@supporting-information/gu-2020/gu-kelly-xiu-2020-internet-appendix.pdf	formal_published_si_crosscheck	medium	Two formal journal supplements confirm the exact definition, annual frequency, and working-paper provenance. No published standalone H-L portfolio recipe was found.
asness-2000	chempia	industry-adjusted change in employees	Change in employees minus the industry mean of employee change.	Annual Compustat data; the later formal appendix records annual frequency.	Industry demeaning; no standalone portfolio cutoffs are reported in the formal cross-check.	Not reported.	Annual.	Not reported.	Lower industry-adjusted employee growth, following the repository sign only.	Higher industry-adjusted employee growth, following the repository sign only.	N/A	extracted-text/fallahgoul-2024-supplement.txt:4522-4528@supporting-information/fallahgoul-2024/fallahgoul-franstianto-lin-2024-supplement.pdf; extracted-text/gu-2020-internet-appendix.txt:2144-2149@supporting-information/gu-2020/gu-kelly-xiu-2020-internet-appendix.pdf	formal_published_si_crosscheck	medium	The exact definition and annual frequency are confirmed. Gu et al. list Asness-Porter-Stevens as a 1994 working paper, while the repository groups it under 2000; this year mismatch and the absence of a published standalone spread keep confidence at medium.
asness-2000	me_ia	industry-adjusted size	Fiscal-year-end market capitalization minus its industry mean; later literature calls the variable mve_ia.	Annual Compustat data; the later formal appendix records annual frequency.	Industry demeaning; no standalone portfolio cutoffs are reported in the formal cross-check.	Not reported.	Annual.	Not reported.	Lower industry-adjusted size, following the repository sign only.	Higher industry-adjusted size, following the repository sign only.	N/A	extracted-text/fallahgoul-2024-supplement.txt:4793-4799@supporting-information/fallahgoul-2024/fallahgoul-franstianto-lin-2024-supplement.pdf; extracted-text/gu-2020-internet-appendix.txt:2398-2405@supporting-information/gu-2020/gu-kelly-xiu-2020-internet-appendix.pdf	formal_published_si_crosscheck	medium	The exact definition, annual frequency, and working-paper provenance are confirmed. The repository acronym me_ia corresponds to mve_ia in the formal supplements; no published standalone L-H portfolio recipe was found.
balakrishnan-2010	roa	Quarterly earnings scaled by beginning-of-quarter total assets	Each fiscal quarter, rank firm-quarter observations into ten earnings deciles using prior-quarter distribution cutoffs. Earnings are before extraordinary items and discontinued operations divided by beginning-of-quarter assets; compute post-announcement buy-and-hold abnormal returns and the High Profit minus High Loss hedge.	458,693 firm-quarters over 1976-2005; day 0 is the quarterly earnings announcement date.	Quarterly deciles; cutoffs in quarter q use the earnings distribution from quarter q-1 to avoid look-ahead bias.	Abnormal returns are size-adjusted or Carhart four-factor adjusted; the hedge is the High Profit portfolio minus the High Loss portfolio.	Quarterly.	60 or 120 trading days after announcement; the headline hedge uses [1,120].	Decile 10, High Profit / highest earnings-to-assets.	Decile 1, High Loss / lowest earnings-to-assets.	H-L	extracted-text/balakrishnan-2010.txt:100-140,337-435 (Sections 2.2 and 3.1-3.2, Table 2); papers/balakrishnan-2010/balakrishnan-2010-authoritative-fulltext.html	publisher_full_text_cityu	high	Original publisher full text explicitly defines the quarterly ROA-like earnings signal and a long High Profit / short High Loss hedge portfolio.
bali-2011	maxret	maximum daily return over the past one month (MAX)	Sort stocks by MAX; the paper documents a negative relation between MAX and expected returns, with low-MAX stocks outperforming high-MAX stocks by more than 1% per month.	Prior one-month daily returns define MAX; portfolio returns are reported for July 1962-Dec 2005.	Deciles on MAX.	Decile sorts; the abstract reports low-vs-high decile return differences rather than a specific weighting rule.	Monthly.	One month.	Low MAX / low lottery-like upside.	High MAX / high lottery-like upside.	N/A	doi:10.1016/j.jfineco.2010.08.014; sciencedirect:abstract	public_html	high	Abstract-level support is strong for the signal definition and the low-vs-high relation; the exact portfolio construction details beyond deciles are not fully spelled out in the abstract.
bandyopadhyay-2010	absacc	Accrual volatility (ACCV)	Compute each firm's standard deviation of accruals-to-sales over the past 16 quarters; every month rank all sample stocks into ten increasing-ACCV portfolios. Table II reports D1-D10, explicitly long the lowest-volatility decile and short the highest-volatility decile.	U.S. quarterly accounting data and monthly returns, 1976-2008; a 16-quarter signal window precedes portfolio formation.	Monthly deciles using the ranked ACCV values of all stocks; breakpoints are updated month by month.	Both equal-weighted and value-weighted returns are reported.	Monthly.	One month in Table II, with robustness horizons through five years.	Decile 1, lowest accrual volatility.	Decile 10, highest accrual volatility.	L-H	https://citeseerx.ist.psu.edu/document?doi=def4e90345f7f37ec26dab23a24c50ed5552828a&repid=rep1&type=pdf#Table-II; web-indexed original working-paper PDF Table II	repository_indexed_original_pdf	high	The indexed original PDF states ACCV is the 16-quarter standard deviation of accruals-to-sales and labels the explicit spread D1-D10; direct file retrieval was blocked by the repository TLS handshake, so no local PDF is claimed.
banz-1981	me	market equity = stock price times shares outstanding	The final article's illustrative arbitrage strategy ranks stocks solely by market value, invests equal dollar amounts in the 10, 20, or 50 smallest and largest firms, adjusts the two legs to the same beta, and reports small-minus-large returns.	All NYSE common stocks with at least five years of data during 1926-1975; the explicit arbitrage table covers 1931-1975.	Extreme size portfolios containing the 10, 20, or 50 smallest and largest firms at the beginning of each year.	Equal-weighted within each leg; legs are levered or unlevered to equal beta and form a zero-net-investment, zero-beta spread.	Annual constituent selection with monthly rebalancing.	Five years.	Smallest / lowest-market-equity firms.	Largest / highest-market-equity firms.	L-H	extracted-text/banz-1981-publisher.txt:174-189,213-223,518-635	publisher_final_pdf	high	Verified against the formal 16-page Journal of Financial Economics scan. Table 3 explicitly labels the spread “small firms held long, large firms held short”; this is a low-minus-high size strategy.
barbee-1996	sp	sales-price ratio, annual sales divided by fiscal-year-end market price	The published article runs monthly cross-sectional regressions of stock returns on lagged annual financial variables. Sales-price has a positive, consistently significant coefficient and absorbs the explanatory roles of book-market, market value, and debt-equity, but the paper does not form a standalone sales-price hedge portfolio.	Nonfinancial NYSE/AMEX firms with December fiscal year-ends; Compustat financial data begin in 1978 and CRSP returns run April 1979-December 1991.	N/A; monthly regressions rather than characteristic-sorted portfolios.	Regression-based; no portfolio weights.	Annual financial signal aligned to monthly regressions.	Monthly dependent returns; no paper-defined portfolio holding period.	N/A	N/A	not-simple	extracted-text/barbee-1996-publisher.txt:63-79,83-91,95-119	publisher_final_scan_and_proquest_full_text	high	Verified against the formal five-page Financial Analysts Journal publisher scan and authenticated ProQuest full text. The positive S/P-return relation must not be converted into a paper-defined H-L portfolio because the source uses regressions only.
barth-1999	nincr	repository signal: number of consecutive quarterly earnings increases; paper variable: consecutive annual earnings increases	The published paper estimates price and 12-month market-adjusted-return regressions. Its primary UPEARN indicator identifies firms with at least five consecutive years of increasing annual earnings; additional tests distinguish patterns from one through nine or more years. It does not form a standalone nincr return-sorted portfolio.	COMPUSTAT/CRSP firm-years from 1982-1992; the return specification uses compound 12-month market-adjusted returns beginning with the fiscal year's first month.	Regression indicators for at least five consecutive annual increases and, in sensitivity tests, one through nine or more years; no portfolio breakpoints.	Regression analysis; no portfolio weights.	Annual firm-year tests.	12-month market-adjusted return in the return specification; no portfolio holding period.	N/A	N/A	not-simple	extracted-text/barth-1999-publisher.txt:137-143,226-260,365-438,455-490,923-945,1219-1225	extracted_text	high	The journal article measures annual earnings-increase patterns, whereas the repository characteristic counts consecutive quarterly increases. The citation supports the economic idea but not the repository's quarterly construction, so the mapping is not a simple paper LMS.
basu-1977	ep	price-to-earnings ratio (P/E)	Compute P/E ratios for each sample security as of December 31, form five portfolios of similar P/E ratios, buy them on the following April 1, and track returns for the next 12 months under a buy-and-hold policy.	P/E is measured on December 31; portfolios are formed the following April 1; returns are computed for the next 12 months.	Five portfolios of similar P/E ratios; no numeric breakpoint cutoffs are given in the cited passage.	Equal initial investment; buy-and-hold.	Annual formation.	12 months.	Highest-P/E portfolio / no explicit long leg stated in the passage.	Lowest-P/E portfolio / no explicit short leg stated in the passage.	N/A	doi:10.1111/j.1540-6261.1977.tb01979.x; scholar:10.1111/j.1540-6261.1977.tb01979.x_0001 (Section II); scholar:10.1111/j.1540-6261.1977.tb01979.x_0047 (Table 1)	direct_method_passage	high	Direct methodology passage supports the annual P/E sort, April formation date, and 12-month buy-and-hold return window.
bazdresch-2014	hire	HN(t) = [employees(t) - employees(t-1)] / [0.5 × (employees(t-1) + employees(t))]	The published article sorts firms into hiring-rate deciles and explicitly reports the L2H hiring return spread, long the lowest-hiring portfolio and short the highest-hiring portfolio.	NYSE/AMEX/NASDAQ common stocks, July 1965-June 2010; December-fiscal-year firms; at the end of June t, hiring measured at the end of t-1 predicts returns from July t through June t+1.	Deciles of the hiring-rate distribution among all but microcap firms; the resulting breakpoints are applied to the full universe.	Equal-weighted and value-weighted portfolio returns are both reported; the main L2H spread is 10.4% per year equal-weighted and 5.6% value-weighted.	annual	12 months, July through June.	lowest-hiring-rate decile	highest-hiring-rate decile	L-H	extracted-text/bazdresch-2014-publisher.txt:298-381,409-426,500-504	publisher_final_jstor_pdf	high	Verified against the final Journal of Political Economy/JSTOR PDF; formula, sample, June formation, decile breakpoints, weighting, holding period, and low-minus-high direction are explicit.
bhandari-1988	lev	(book value of total assets - book value of common equity) / market value of common equity	DER is tested in a cross-sectional expected-return equation with LTEQ and BETA, after sorting stocks into 27 portfolios by size, portfolio-formation beta, and DER; the paper reports implied maximum-minus-minimum DER return differences but does not define a simple buy-high/sell-low strategy.	Monthly CRSP returns with COMPUSTAT accounting values; for each test subperiod, LTEQ and DER use latest available prior accounting values and portfolios/variables are updated for each new subperiod.	Three equal-sized groups on LTEQ, then three on portfolio-formation BETA, then three on DER, yielding 27 portfolios.	Equal-weighted stocks within each portfolio; regression/portfolio tests, not a stated long-short portfolio.	Updated for each new subperiod; not updated within a subperiod.	Monthly test returns within each subperiod.	high DER / maximum average DER portfolios	low DER / minimum average DER portfolios	not-simple	extracted-text/bhandari-1988.txt:134-173,258-285,632-652,762-765,1116-1121	extracted_text	high	Original text defines DER precisely and supports a positive DER-return relation, but the construction is cross-sectional/27-portfolio testing; do not promote the max-minus-min implied difference to a simple H-L LMS.
brown-2007	roic	return on invested capital	EBIT minus non-operating income, divided by liabilities plus common equity minus cash.	Annual Compustat data; the original working paper studies subsequent 12-month returns.	The original paper uses portfolio sorts; exact breakpoints are not available in a final published source.	Equal-weighted in the formal replication record.	Annual signal.	12 months.	High ROIC.	Low ROIC.	H-L	extracted-text/fallahgoul-2024-supplement.txt:4970-4976@supporting-information/fallahgoul-2024/fallahgoul-franstianto-lin-2024-supplement.pdf; extracted-text/gu-2020-internet-appendix.txt:2587-2594@supporting-information/gu-2020/gu-kelly-xiu-2020-internet-appendix.pdf	formal_published_si_plus_replication	high	No journal successor to Brown-Rowe was found, but multiple formal journal supplements and Chen-Zimmermann's public replication code independently confirm the formula, annual frequency, and H-L orientation. High confidence refers to construction and direction, not effect strength; the reported original spread is weak (t=0.9).
chan-1996	abr	abnormal return relative to the equally weighted market index cumulated from two days before to one day after the most recent past quarterly earnings announcement	Stocks are sorted monthly into ten portfolios by ABR; the paper reports buy-and-hold returns after formation and states favorable announcement-return stocks outperform unfavorable ones, but does not define a standalone ABR zero-cost H-L portfolio.	Domestic NYSE/AMEX/Nasdaq primary stocks with CRSP and COMPUSTAT coverage; monthly formations from January 1977 to January 1993; returns start after skipping the first five days after formation.	NYSE-only decile breakpoints; earnings-momentum breakpoints use NYSE firms with earnings reported in the prior three months.	Equal-weighted stocks within each decile portfolio.	Monthly formation/ranking; remaining stocks rebalanced to equal weights at the end of each reported period for subsequent-period returns.	Following six months and first, second, and third subsequent years.	high ABR / large favorable announcement returns	low ABR / large unfavorable announcement returns	not-simple	extracted-text/chan-1996.txt:222-240,270-290,329-345,670-679,783-784,833-847	extracted_text	high	ABR has clear signal, breakpoints, weighting, and return windows; the original text supports H outperforming L but not a clearly formed simple ABR-only long-short portfolio.
chan-1996	re	moving average of the last six months' revisions in mean I/B/E/S current-fiscal-year EPS estimates, scaled by beginning-of-month stock price	Stocks are sorted monthly into ten portfolios by REV6 analyst forecast revisions; the paper reports buy-and-hold returns and spreads for high versus low revision ranks, while the explicit zero-cost portfolio is only for a two-way prior-return plus revision classification.	Domestic NYSE/AMEX/Nasdaq primary stocks with CRSP, COMPUSTAT, and I/B/E/S forecast data where available; monthly formations from January 1977 to January 1993; returns start after skipping the first five days after formation.	NYSE-only decile breakpoints.	Equal-weighted stocks within each decile portfolio.	Monthly formation/ranking; remaining stocks rebalanced to equal weights at the end of each reported period for subsequent-period returns.	Following six months and first, second, and third subsequent years; Table X two-way strategy uses six-month holding then reforming.	high REV6 / upward analyst forecast revisions	low REV6 / downward analyst forecast revisions	not-simple	extracted-text/chan-1996.txt:294-308,329-345,794-817,970-986,1056-1072,1715-1756,1811-1817	extracted_text	high	Single-sort REV6 evidence gives high-minus-low spreads but not a clearly formed standalone simple H-L portfolio; the explicit zero-cost buy/sell language is for a double sort, so mark not-simple.
chan-2001	adm	advertising expenditure relative to market value of equity	Stocks are ranked annually by advertising expense-to-market into five equally sized portfolios, with nonadvertising firms separate; the paper reports buy-and-hold returns and control-portfolio excess returns, but does not define a simple long-short advertising portfolio.	Domestic NYSE/AMEX/Nasdaq primary stocks with CRSP and COMPUSTAT coverage; portfolios formed at end of April each year from 1975 to 1995 using most recently available accounting data with a four-month reporting delay.	Five equally sized portfolios among firms with advertising expenditures; no-advertising firms assigned to a separate portfolio.	Equally weighted annual buy-and-hold portfolio returns; excess returns use equally weighted size and book-to-market matched control portfolios.	Annual April formation; text says portfolio composition is revised each year.	First, second, and third postformation years and average over the three postformation years.	high advertising-to-market / quintile 5	low advertising-to-market / quintile 1	not-simple	extracted-text/chan-2001.txt:498-514,1142-1165,1195-1205,1210-1233,1367-1369	extracted_text	high	Clear annual quintile sort and high-minus-low comparison data exist, but no explicit simple H-L/L-H long-short portfolio is formed.
chan-2001	rdm	R&D expenditures relative to market value of equity	R&D-to-market is treated like a valuation ratio; stocks with R&D are ranked annually into five portfolios by R&D relative to market equity, with no-R&D firms separate; the paper reports buy-and-hold and control-adjusted returns and extreme-quintile spreads, but does not define a simple long-short R&D portfolio.	Domestic NYSE/AMEX/Nasdaq primary stocks with CRSP and COMPUSTAT coverage; portfolios formed at end of April each year from 1975 to 1995 using most recently available accounting data with a four-month reporting delay.	Five portfolios by R&D-to-market among firms with R&D; no-R&D firms are reported separately; OCR table indicates 1 Low through 5 High.	Equally weighted annual buy-and-hold portfolio returns; excess returns use size/book-to-market matched control portfolios.	Annual April formation; text says portfolio composition is revised each year.	First, second, and third postformation years and average over the three postformation years.	high R&D-to-market / quintile 5	low R&D-to-market / quintile 1	not-simple	extracted-text/chan-2001.txt:493-501,511-514,733-748,784-812,864-876,1367-1369	extracted_text	high	Original text supports high R&D-to-market outperforming low and reports an extreme-quintile spread, but this is reported return comparison/control-adjusted testing rather than an explicit simple H-L long-short construction.
chandrashekar-2009	cashpr	cash productivity	The repository uses (market equity + long-term debt - total assets) / cash. The 2009 working paper defines eta as (market value of the firm - total assets) / cash using full book debt, which reduces to (market equity - book equity) / cash. Rao, Tang, and Chandrashekar (2013) publish the reciprocal C = cash / (market equity - book equity).	Rao et al. use CRSP/Compustat data from 1963-2010, form portfolios at each month-end, and lag annual accounting variables by at least four months.	Ten deciles ranked by scaled cash C.	Equal-weighted and value-weighted returns are reported.	Monthly.	One month.	Low repository cash productivity / high published C.	High repository cash productivity / low published C.	L-H	extracted-text/rao-2013-publisher.txt:12-51,63-65,85-93,104-125,267-270,320-324,571-583@papers/rao-2013/rao2013.pdf; extracted-text/fallahgoul-2024-supplement.txt:4453-4461@supporting-information/fallahgoul-2024/fallahgoul-franstianto-lin-2024-supplement.pdf; extracted-text/gu-2020-internet-appendix.txt:2109-2114@supporting-information/gu-2020/gu-kelly-xiu-2020-internet-appendix.pdf; extracted-text/chen-zimmermann-2022-online-appendix.txt:570-575@supporting-information/chen-zimmermann-2022/chen-zimmermann-2022-online-appendix.pdf	publisher_final_reciprocal_plus_formal_replication_variants	medium	The 2013 final article is a formal successor/reformulation and directly confirms the L-H orientation after inverting C. It does not match the repository numerator exactly: EquityChars adds long-term debt before subtracting assets, while the final paper uses market equity minus book equity and Chen-Zimmermann uses market equity minus total assets. The original working-paper attribution is therefore retained and confidence remains medium.
chen-2010	invest	capital expenditures and inventory	Annual change in gross property, plant, and equipment plus annual change in inventories, scaled by lagged total assets.	Annual Compustat signal; the published article forms monthly investment-factor returns from low- and high-investment stocks.	Independent 30/40/30 sorts on size, book-to-market, and investment-to-assets, producing 27 portfolios.	Value-weighted returns within the 27 portfolios; INV averages the nine low-investment portfolios minus the nine high-investment portfolios.	Annual accounting signal; portfolios formed each June and factor returns measured monthly.	One month.	Lowest 30% investment-to-assets.	Highest 30% investment-to-assets.	L-H	extracted-text/lyandres-2008-publisher.txt:1520-1544@papers/lyandres-2008/lyandres-sun-zhang-2008.pdf; extracted-text/lyandres-2008-publisher.txt:1550-1562@papers/lyandres-2008/lyandres-sun-zhang-2008.pdf; extracted-text/fallahgoul-2024-supplement.txt:4718-4724@supporting-information/fallahgoul-2024/fallahgoul-franstianto-lin-2024-supplement.pdf	formal_published_exact_equivalent	high	The RFS typeset final directly matches the repository formula and verifies the L-H factor, breakpoints, and weighting. The repository's Chen-Zhang 2010 JF citation is withdrawn/incorrect, and Hou (2015) uses ΔA/A; Lyandres-Sun-Zhang (2008) is therefore retained as the exact published equivalent.
chordia-2001	dolvol	natural logarithm of dollar trading volume in month t-2	The published paper includes DVOL as a monthly characteristic in Fama-MacBeth cross-sectional regressions of risk-adjusted returns. DVOL is the log dollar volume in the second-to-last month and has a negative return coefficient; the paper does not form a standalone DVOL long-short portfolio.	NYSE/AMEX common stocks, January 1966-December 1995; monthly characteristics and returns, with DVOL lagged to month t-2.	Monthly cross-sectional regression characteristic; no DVOL portfolio breakpoints.	Fama-MacBeth and purged regression estimators; no portfolio weights for DVOL.	Monthly.	One-month return regression.	N/A	N/A	not-simple	extracted-text/chordia-2001-publisher.txt:36-60,110-121,361-361,664-665	extracted_text	high	The prior row conflated the level DVOL variable with variability. Publisher full text defines DVOL as the level of log dollar volume and supports a negative regression coefficient, not a simple LMS portfolio.
chordia-2001	std_dolvol	natural logarithm of the standard deviation of dollar trading volume over the past 36 months	STDVOL is calculated monthly from the prior 36 months beginning at t-2 and is used as an alternative variability measure in the paper's cross-sectional return regressions. Its coefficients are similar to those on CVVOL, but the paper's portfolio table double-sorts SIZE with CVVOL rather than forming a standalone STDVOL long-short portfolio.	NYSE/AMEX common stocks, January 1966-December 1995; at least 12 dollar-volume observations in the prior 36 months are required.	Monthly regression characteristic; the reported portfolio double sort is SIZE-CVVOL, not STDVOL endpoints.	Fama-MacBeth and purged regression estimators; no standalone STDVOL portfolio weights.	Monthly.	One-month return regression.	N/A	N/A	not-simple	extracted-text/chordia-2001-publisher.txt:43-60,110-121,216-219,664-665,1684-1684	extracted_text	high	Publisher full text defines the exact 36-month measure and reports similar coefficients to CVVOL. That evidence supports a negative regression relation but not a simple L-H portfolio.
chordia-2001	std_turn	natural logarithm of the standard deviation of share turnover over the past 36 months	STDTURN is calculated monthly from the prior 36 months beginning at t-2 and enters cross-sectional return tests as a turnover-variability measure. The paper finds returns decrease with turnover variability, but its portfolio table double-sorts SIZE with CVTURN rather than forming a standalone STDTURN long-short portfolio.	NYSE/AMEX common stocks, January 1966-December 1995; monthly characteristics and returns.	Monthly regression characteristic; the reported portfolio double sort is SIZE-CVTURN, not STDTURN endpoints.	Fama-MacBeth and purged regression estimators; no standalone STDTURN portfolio weights.	Monthly.	One-month return regression.	N/A	N/A	not-simple	extracted-text/chordia-2001-publisher.txt:36-60,110-121,216-219,665-665,1001-1003	extracted_text	high	Publisher full text defines the exact 36-month measure and supports a negative regression relation. It does not state a simple STDTURN L-H portfolio.
cooper-2008	agr	year-on-year percentage change in total assets	Asset-growth signal based on annual growth in total assets; low-growth firms earn higher subsequent returns.	U.S. stock cross section in the 2008 Journal of Finance paper; annual asset-growth sorts with subsequent return tests.	not reported in abstract	quintile sorts with an explicit spread column; equal- and value-weighted portfolios	annual	subsequent annual returns	low asset growth	high asset growth	L-H	doi:10.1111/j.1540-6261.2008.01370.x; scholar:10.1111/j.1540-6261.2008.01370.x_0043 (Table II)	direct_method_passage	high	Table II explicitly reports the low-growth and high-growth deciles plus a spread column, so the directional construction is directly stated.
daily-stock-residual-variance-of-capm	rvar_capm	CAPM residual variance from daily returns	Ang et al. (2006) use FF3 residual variance as the main idiosyncratic-volatility measure and report that the CAPM version produces almost identical quintile portfolios. The published evidence therefore supports low residual variance minus high residual variance, but not the repository's exact three-month window.	Published benchmark: July 1963-December 2000; daily returns over the previous month, monthly portfolio formation. Repository method label: rolling three-month daily-return window.	Monthly quintiles from lowest to highest residual volatility.	Value-weighted quintile portfolios.	Monthly.	One month in the paper.	lowest CAPM residual-volatility quintile	highest CAPM residual-volatility quintile	L-H	extracted-text/ang-2006-publisher.txt:1278-1329,1354-1362,1368-1413	related_publisher_final_window_mismatch	medium	The final Journal of Finance article directly states that CAPM-residual-volatility portfolios correlate above 99% with the FF3 counterparts. Direction is supported; the paper's main formation window is one month, versus three months in EquityChars.
daily-stock-residual-variance-of-fama-french-3-factors	rvar_ff3	FF3 residual variance var(εᵢ) from daily returns	Ang et al. (2006) estimate daily FF3 regressions, rank stocks into idiosyncratic-volatility quintiles, and hold value-weighted portfolios for one month. The reported high-minus-low return is negative, so the profitable orientation is low-minus-high.	Published benchmark: July 1963-December 2000; daily returns over the previous month, monthly portfolio formation. Repository method label: rolling three-month daily-return window.	Monthly quintiles from lowest to highest FF3 residual volatility.	Value-weighted quintile portfolios.	Monthly.	One month in the paper.	lowest FF3 residual-volatility quintile	highest FF3 residual-volatility quintile	L-H	extracted-text/ang-2006-publisher.txt:1278-1329,1368-1413	related_publisher_final_window_mismatch	medium	The final Journal of Finance article verifies the formula, legs, weighting, holding period, and L-H orientation. The repository extends the estimation window from the paper's main one month to three months, so this is a close benchmark rather than an exact construction match.
daily-stock-return-variance	rvar_mean	total variance of daily stock returns	Ang et al. (2006) also sort directly on total volatility. The final article forms monthly value-weighted quintiles using daily data from the previous month; the highest-minus-lowest portfolio return is negative, implying low total variance minus high total variance.	Published benchmark: July 1963-December 2000; daily returns over the previous month, monthly portfolio formation. Repository method label: rolling three-month daily-return window.	Monthly quintiles from lowest to highest total volatility.	Value-weighted quintile portfolios.	Monthly.	One month in the paper.	lowest total-volatility quintile	highest total-volatility quintile	L-H	extracted-text/ang-2006-publisher.txt:1294-1329,1368-1413	related_publisher_final_window_mismatch	medium	The final Journal of Finance article directly verifies the low-versus-high direction for total volatility. EquityChars uses a three-month rolling window rather than the paper's main one-month window.
datar-1998	turn	average shares traded over months t-3 to t-1 divided by shares outstanding	The published paper measures monthly turnover from average share volume over the previous three months divided by shares outstanding, then runs monthly cross-sectional return regressions using a GLS refinement of Fama-MacBeth. The negative turnover slope implies lower-turnover stocks have higher returns, but no turnover-sorted long-short portfolio is formed.	NYSE common stocks, July 1963-December 1991; 342 monthly cross-sectional regressions, with complete and 1%-trimmed samples.	Regression characteristic; the 10th-versus-90th-percentile difference is an economic-magnitude calculation from the estimated slope, not a portfolio sort.	GLS aggregation of monthly cross-sectional regression slopes; no portfolio weights.	Monthly.	One-month return regression.	N/A	N/A	not-simple	extracted-text/datar-1998-publisher.txt:1-30,115-123,457-462	extracted_text	high	The publisher full text defines the exact three-month turnover input and regression design. The reported percentile comparison is implied by the slope and should not be labeled a traded L-H portfolio.
eberhart-2004	rd	R&D increase	Select firms with an unexpected R&D increase; the direct passage describes an R&D/asset-ratio increase screen plus four >=5% filters and a sample-firm versus matched-firm return test.	Post-increase abnormal returns are tracked for 60 months.	One sample-firm versus matched-firm screen; no quantile breakpoint table in the cited passage.	N/A	Event-driven.	60 months.	Sample-firm stocks.	Matched-firm stocks.	not-simple	doi:10.1111/j.1540-6261.2004.00644.x; scholar:10.1111/j.1540-6261.2004.00644.x_0015 (Methods/Table II)	direct_method_passage	high	The original design compares selected event firms with matched firms; it is not a characteristic-sorted high-minus-low or low-minus-high factor.
fairfield-2003	grltnoa	GrNOA = net operating assets at fiscal year t divided by net operating assets at fiscal year t-1	The published article studies how accruals and cash flows relate to growth in net operating assets and future operating profitability. It forms annual GrNOA-ranked deciles for accounting regressions, but does not define a realized-return long-short portfolio for grltnoa.	Compustat observations with December fiscal year-ends from 1963-2001; annual accounting regressions and GrNOA-ranked subsamples.	Annual deciles ranked by growth in net operating assets for regression analysis.	N/A; no return portfolio.	Annual.	N/A; accounting persistence tests.	N/A	N/A	N/A	extracted-text/fairfield-2003-publisher.txt:75-93,240-298,449-468,844-917	publisher_final_pdf	high	Verified against the formal Review of Accounting Studies publisher PDF. The source paper supports an accounting GrNOA construct but no paper-reported realized-return L/S direction.
fama-1973	beta	estimated market beta, cov(Ri,Rm) / var(Rm), using Fisher's equally weighted NYSE return index	The published article forms 20 portfolios from ranked individual-security beta estimates to reduce errors in variables, re-estimates portfolio betas in a subsequent window, and runs monthly cross-sectional risk-return regressions in later test periods. It does not define a high-minus-low beta trading spread.	Nine predictive formation/estimation/test sequences spanning 1926-June 1968; typically seven formation years, five initial estimation years, and four test years.	Twenty beta-ranked portfolios with approximately equal security counts; first is lowest beta and last is highest beta.	Equal-weighted individual-security returns within each portfolio each month.	Portfolios are reformed at four-year test-period intervals; component betas update annually and portfolio betas update monthly for delistings.	Monthly returns during each subsequent test window.	N/A	N/A	not-simple	extracted-text/fama-1973-publisher.txt:465-575,593-635,650-735	publisher_final_jstor_pdf	high	Verified against the final Journal of Political Economy/JSTOR PDF. The original 1973 source establishes predictive beta-ranked portfolio regressions but no explicit long-high or long-low hedge, so a repository LMS direction cannot be attributed to the paper.
fama-2015	op	Operating profitability (OP)	At each June formation, independently sort stocks into two size groups and three OP groups; construct six value-weighted intersections. RMW is the average return on the small and big robust-profitability portfolios minus the average return on the small and big weak-profitability portfolios.	July 1963-December 2013; accounting data for the fiscal year ending in t-1 are used at the end of June in year t, with monthly factor returns thereafter.	NYSE median market cap; 30th and 70th NYSE percentiles for OP.	Value-weighted intersection portfolios; the RMW factor equally averages the small and big robust legs and subtracts the corresponding weak legs.	Annual June reconstitution.	12 months, measured monthly from July through the following June.	Robust/high OP: (SR + BR) / 2.	Weak/low OP: (SW + BW) / 2.	H-L	extracted-text/fama-2015.txt:338-375 (Section 4 and Table 3); papers/fama-2015/fama-2015-authoritative-fulltext.html	publisher_full_text_cityu	high	Original publisher full text explicitly defines RMW as robust minus weak and gives the 2x3 breakpoints, value weighting, and component formula.
francis-2004	roavol	EarnVar = rolling ten-year standard deviation of net income before extraordinary items scaled by beginning-of-year total assets	The published article measures earnings variability annually, converts EarnVar to decile ranks, and relates the most-versus-least-variable earnings deciles to implied cost of equity. This is a cost-of-capital comparison and regression sensitivity test, not a realized-return long/short portfolio.	Full sample covers 1975-2001; each firm-year EarnVar uses a rolling ten-year window.	Annual decile ranks of EarnVar; paper reports most-variable versus least-variable earnings deciles.	N/A; reported outcomes are implied cost-of-equity differences/regression coefficients, not portfolio returns.	annual	N/A; cross-sectional expected cost-of-equity analysis.	No traded long leg; the paper reports the most-variable-minus-least-variable cost-of-equity difference.	No traded short leg.	not-simple	extracted-text/francis-2004-publisher.txt:511-516,1831-1875; papers/francis-2004/francis-2004-publisher.pdf:p.998	publisher_final_jstor_pdf	high	Verified against the final Accounting Review/JSTOR PDF. Larger EarnVar means more volatile earnings and the paper reports a 382 bp unconditional high-minus-low cost-of-equity difference, but this does not establish the repository's realized-return L-H strategy.
gettleman-2006	chmom	change in 6-month momentum	Cumulative return from months t-6 through t-1 minus cumulative return from months t-12 through t-7.	Monthly CRSP signal; the contemporaneous summary reports an original 1926–2003 sample.	Extreme high- and low-acceleration portfolios are reported; the exact source-paper cutoffs have not been recovered.	Not recovered from the accessible source material.	Monthly signal formation; the source-paper portfolio rebalancing rule has not been verified.	The contemporaneous summary reports a six-month horizon for acceleration-refined momentum; the standalone acceleration-spread holding period is not verified.	Stocks with high change in six-month momentum (high price acceleration).	Stocks with low change in six-month momentum (low price acceleration).	H-L	paper: extracted-text/fallahgoul-2024-supplement.txt:4540-4546@supporting-information/fallahgoul-2024/fallahgoul-franstianto-lin-2024-supplement.pdf; extracted-text/gu-2020-internet-appendix.txt:2158-2163@supporting-information/gu-2020/gu-kelly-xiu-2020-internet-appendix.pdf; original-record: https://papers.ssrn.com/sol3/papers.cfm?abstract_id=802724; contemporaneous-summary: https://www.cxoadvisory.com/momentum-investing/buying-on-impulse-change-in-momentum/	formal_formula_crosscheck_and_contemporaneous_direction_summary	medium	Published formula tables verify CHMOM = compound(t−6,t−1) − compound(t−12,t−7). A contemporaneous paper summary reports positive high-minus-low acceleration spreads. CIZ explicitly omits the unpublished Gettleman–Marks signal, HXZ has no identical entry, and JKP lists the two return-window components separately. Direction is therefore H-L, while exact source-paper breakpoints, weights, and the standalone holding rule remain pending.
guo-2006	rd_sale	RD_SALES = pre-IPO annual R&D expenditures / pre-IPO annual sales	The published article classifies IPOs into no-R&D, low-R&D, and high-R&D groups using each issue year's median positive RD_SALES and explicitly forms a zero-investment portfolio long high-R&D IPOs and short no-R&D IPOs.	2,696 U.S. IPOs issued during 1980-1995; portfolio returns run from the 7th through the 42nd month after each IPO, over April 1981-December 1998.	Within each IPO year, positive-R&D firms are split below/above that year's median RD_SALES; zero-R&D firms form a separate group.	Equal-weighted calendar-month portfolio returns.	monthly	Months 7-42 after the offering; constituents enter and leave with IPO age.	high-R&D IPO group	no-R&D IPO group	H-L	extracted-text/guo-2006-publisher.txt:252-310,369-377,474-480,1157-1192,1265-1357	publisher_final_pdf_cityu	high	Verified against the final Journal of Business Finance & Accounting/Wiley PDF. Table 8 explicitly defines the monthly rebalanced high-R&D-minus-no-R&D zero-investment portfolio; its four-factor alpha is 0.76% per month.
hafzalla-2011	pctacc	(Net Income - Cash from Operations) / |Net Income|	The published article scales operating accruals by absolute net income to preserve the accrual sign, sorts firms into ten portfolios using prior-year decile breakpoints, and reports the hedge as decile 1 minus decile 10.	Nonfinancial Compustat/CRSP firm-years spanning 1989-2008; returns start on the first day of the fourth month after fiscal year-end.	Prior-year decile breakpoints; ten portfolios; Table 4 reports decile 1 through 10 and decile 1 minus decile 10.	Not explicitly stated for the accrual decile portfolios; excess returns use equally weighted size-reference portfolios.	Annual.	One year.	Lowest percent operating accrual decile, including large negative percent accruals.	Highest percent operating accrual decile, including positive/high percent accruals.	L-H	extracted-text/hafzalla-2011-publisher.txt:19-24,109-111,219-230,298,323-325,573-575,664-685	publisher_final_pdf	high	Verified against the formal The Accounting Review publisher PDF; signal scaling, timing, deciles, and decile-1-minus-decile-10 direction are explicit.
heston-2008	seas1a	Past same-calendar-month return at the 12-month annual lag	The published article ranks stocks each month by past performance; its one-year annual strategy sorts on the return exactly 12 months earlier and explicitly buys winners and sells losers.	January 1965-December 2002 monthly returns for NYSE- and AMEX-listed stocks.	Ten portfolios with equal numbers of stocks; seas1a sorts on the 12-month lagged return.	Equal-weighted portfolios.	Monthly.	Next month.	Highest past same-calendar-month return decile / winners.	Lowest past same-calendar-month return decile / losers.	H-L	extracted-text/heston-2008-publisher.txt:15,30-32,287-291,650-657	publisher_full_text	high	Verified against the formal Journal of Financial Economics publisher full text; the 12-month winner-minus-loser direction is explicit.
hirshleifer-2004	noa	scaled net operating assets = (operating assets - operating liabilities) / lagged total assets	The published article computes NOA from operating assets minus operating liabilities scaled by lagged total assets; firms are assigned monthly to NOA deciles using prior fiscal-year NOA with at least a four-month lag, and the hedge portfolio is long the lowest NOA decile and short the highest NOA decile.	Monthly portfolio formation July 1964-December 2002 using previous fiscal-year NOA; minimum four-month lag between fiscal year-end and portfolio formation/return matching.	NOA deciles.	Monthly equal-weighted abnormal return within decile; value-weighted variant also reported; benchmark adjustment uses size/book-to-market/momentum matched portfolios.	Monthly.	Monthly returns; paper reports annual abnormal returns by summing monthly returns and first/second/third-year effects after release.	lowest NOA decile	highest NOA decile	L-H	extracted-text/hirshleifer-2004-publisher.txt:32-42,74,280-282,742-744,993-1005	publisher_full_text	high	Verified against the formal Journal of Accounting and Economics publisher full text; formula, timing, deciles, weighting, and low-minus-high hedge are explicit.
holthausen-1992	depr	depreciation divided by plant assets	Depreciation/plant assets is one of 60 candidate ratios in multivariate stepwise-logit models predicting the sign of subsequent 12-month excess returns. It enters eight of the twelve models, six times positively and twice negatively; the paper sorts the composite predicted-return probability, not this ratio alone.	Models are estimated separately for NYSE/AMEX and OTC firms on 1973-1977 and 1978-1982 data and tested out of sample through 1988; accounting data are assumed available four months after fiscal year-end.	Composite probability-score deciles based on in-sample cutoffs; portfolios 1-3 are long and 8-10 short. No standalone depreciation breakpoint.	Pooled equal-weighted observations and an implementable annual weighting scheme are both reported for the composite strategy.	Annual signal/portfolio formation.	12 months primarily; 24-, 36-, and 48-month buy-and-hold results also reported.	N/A	N/A	not-simple	extracted-text/holthausen-1992-publisher.txt:300-339,524-543,738-792	publisher_final_pdf	high	Verified against the formal 39-page Journal of Accounting and Economics PDF. Because depreciation is only an input to a changing multivariate model and its coefficient sign is not invariant, no standalone H-L/L-H direction is attributable.
holthausen-1992	pchdepr	percentage change in depreciation divided by plant assets	The percentage change in depreciation/plant assets is a candidate ratio in the multivariate stepwise-logit return models and enters five models with a positive sign. The traded portfolios sort the models' composite predicted-return probability rather than this ratio independently.	Models are estimated separately for NYSE/AMEX and OTC firms on 1973-1977 and 1978-1982 data and tested out of sample through 1988; accounting data are assumed available four months after fiscal year-end.	Composite probability-score deciles based on in-sample cutoffs; portfolios 1-3 are long and 8-10 short. No standalone change-in-depreciation breakpoint.	Pooled equal-weighted observations and an implementable annual weighting scheme are both reported for the composite strategy.	Annual signal/portfolio formation.	12 months primarily; 24-, 36-, and 48-month buy-and-hold results also reported.	N/A	N/A	not-simple	extracted-text/holthausen-1992-publisher.txt:300-339,524-543,738-792	publisher_final_pdf	high	Verified against the formal 39-page Journal of Accounting and Economics PDF. The positive logit inputs cannot be converted into a paper-defined characteristic hedge because the source trades only a changing multivariate probability score.
hong-2009	sin	Sin-stock indicator: alcohol/beer, tobacco/smoke, and gaming classification from Fama-French SIC groups plus NAICS/segment screens	The published article identifies sin stocks as Fama-French beer/alcohol and smoke/tobacco groups plus gaming NAICS codes, augmented with Compustat segment data; return tests use an equal-weighted portfolio long sin stocks and short comparable stocks.	CRSP/Compustat firm data cover 1962-2006; the main time-series return regressions use 1965-2006, with a longer 1926-2006 specification also reported.	No decile breakpoints; binary sin classification versus comparable industries.	Equal-weighted sin portfolio and equal-weighted comparable portfolio.	Monthly.	One month.	Sin stocks.	Comparable non-sin stocks from Fama-French food, soda, fun, and meals/hotels groups.	H-L	extracted-text/hong-2009-publisher.txt:35,48-52,576,582,739,753,1135-1138	publisher_full_text	high	Verified against the formal Journal of Financial Economics publisher full text; classification, equal weighting, comparables, and SIN-minus-COMP direction are explicit.
hou-2006	herf	H(Sales) = sum of squared firm sales shares within each three-digit SIC industry, averaged over the prior 3 years	The published article sorts industries into annual H(Sales) quintiles and explicitly reports Quintile 5 minus Quintile 1, where Q5 is most concentrated and Q1 is least concentrated.	The CRSP/Compustat sample covers July 1963-December 2001; fiscal-year t-1 accounting information is matched to July t-June t+1 returns.	In June each year, three-digit SIC industries are sorted into H(Sales) quintiles.	Firm-level tests equally weight firms within each concentration portfolio; industry-level tests first form industry portfolios and then equally weight industries within each quintile.	annual	12 months, July through June.	most concentrated industry quintile (Q5)	least concentrated industry quintile (Q1)	H-L	extracted-text/hou-2006-publisher.txt:331-350,398-447,620-715	publisher_final_jstor_pdf	high	Verified against the final Journal of Finance/JSTOR PDF. The paper explicitly tabulates Q5-Q1 as -0.26% per month raw and -0.36% characteristic-adjusted; the repository's L-H implementation reverses the paper's reported spread sign while capturing the positive low-concentration premium.
hou-2015	roe	income before extraordinary items (Compustat quarterly item IBQ) divided by one-quarter-lagged book equity	The published article constructs the ROE factor from triple 2x3x3 sorts on size, investment-to-assets, and ROE; it is the simple average of six high-ROE value-weighted intersection portfolios minus the simple average of six low-ROE portfolios.	January 1972-December 2012; excludes financial firms and firms with negative book equity; quarterly earnings enter immediately after public announcement dates RDQ, subject to a six-month freshness limit.	NYSE median size split; NYSE 30/40/30 investment breakpoints; monthly NYSE 30/40/30 ranked-ROE breakpoints; 18 intersections.	Monthly value-weighted portfolio returns; factor uses simple averages across six high-ROE and six low-ROE portfolios.	Monthly; ROE portfolios reconstructed monthly, size and investment resorted each June.	One month.	high ROE portfolios	low ROE portfolios	H-L	extracted-text/hou-2015-publisher.txt:52-57,100-105,406-414	publisher_full_text	high	Verified against the formal Review of Financial Studies publisher full text; definition, 2x3x3 breakpoints, timing, weighting, and high-minus-low ROE factor are explicit.
jegadeesh-1990	mom12m	twelve-month lagged stock return	S12 ranks securities in descending order by twelve-month lagged returns, forms ten equal-weight predictive portfolios, revises them monthly, and evaluates the P1-P10 zero-net-investment extreme-decile spread.	CRSP monthly returns; portfolio formation January 1934-1987; parameters and portfolios updated monthly.	Monthly deciles; P1 is highest twelve-month lagged return, P10 is lowest.	Equal weight within each decile; P1-P10 zero-net-investment spread reported.	Monthly.	One month.	P1 / highest twelve-month lagged returns	P10 / lowest twelve-month lagged returns	H-L	extracted-text/jegadeesh-1990.txt:400-417,438-447,505-528	extracted_text	high	S12 is explicitly descending by twelve-month lagged return and reports the extreme-decile difference.
jegadeesh-1993	mom1m	EquityChars uses the current one-month return, RET at t	The original paper does not construct a one-month formation signal. Its relative-strength strategies rank past returns over J = 3, 6, 9, or 12 months and buy winners minus losers. The paper therefore cannot supply a source-grounded LMS rule for EquityChars `mom1m`.	CRSP sample January 1965-December 1989 for the paper's 3-12 month strategies; not applicable to a one-month signal.	N/A; the paper has deciles for J = 3, 6, 9, and 12 months only.	N/A for the unmatched signal.	N/A for the unmatched signal.	N/A for the unmatched signal.	N/A; no one-month portfolio in the paper.	N/A; no one-month portfolio in the paper.	N/A	extracted-text/jegadeesh-1993.txt:225-299 (Section I and Section II); /home/yunting/project/EquityChars/repo/documents/formula_docs/equity_characteristics_calculation.tex:235-236; papers/jegadeesh-1993/jegadeesh-titman-1993.pdf	publisher_pdf_cityu	high	This is a source-mapping mismatch, not evidence that the paper endorses EquityChars' L-H sign. The paper's actual tested momentum portfolios are H-L but do not include a one-month formation horizon.
jegadeesh-1993	mom36m	EquityChars uses cumulative returns from months t-12 through t-35	The original paper does not construct a 36-month formation signal. Its longest ranking period is 12 months; the paper's later 36-month analysis tracks post-formation performance of portfolios formed on six-month lagged returns and is not a 36-month sort.	CRSP sample January 1965-December 1989 for the paper's 3-12 month strategies; not applicable to a 36-month signal.	N/A; no 36-month formation sort.	N/A for the unmatched signal.	N/A for the unmatched signal.	N/A for the unmatched signal.	N/A; no 36-month formation portfolio.	N/A; no 36-month formation portfolio.	N/A	extracted-text/jegadeesh-1993.txt:225-299 (J and K strategy definition),1150-1204 (36-month post-formation tracking); /home/yunting/project/EquityChars/repo/documents/formula_docs/equity_characteristics_calculation.tex:238-239; papers/jegadeesh-1993/jegadeesh-titman-1993.pdf	publisher_pdf_cityu	high	The 36 months in the paper are an event-time evaluation horizon, not the EquityChars raw-signal window. Treat the attribution as unsupported for this signal.
jegadeesh-1993	mom60m	EquityChars uses cumulative returns from months t-12 through t-59	The original paper does not construct a 60-month formation signal. It tests J = 3, 6, 9, or 12 month momentum strategies; its discussion of 3- to 5-year reversals describes prior literature rather than defining this EquityChars characteristic.	CRSP sample January 1965-December 1989 for the paper's 3-12 month strategies; not applicable to a 60-month signal.	N/A; no 60-month formation sort.	N/A for the unmatched signal.	N/A for the unmatched signal.	N/A for the unmatched signal.	N/A; no 60-month formation portfolio.	N/A; no 60-month formation portfolio.	N/A	extracted-text/jegadeesh-1993.txt:67-80 (prior long-horizon reversal literature),225-299 (tested J and K horizons); /home/yunting/project/EquityChars/repo/documents/formula_docs/equity_characteristics_calculation.tex:241-242; papers/jegadeesh-1993/jegadeesh-titman-1993.pdf	publisher_pdf_cityu	high	The paper is not an authoritative construction source for the 12-to-59-month EquityChars signal; do not transfer the paper's H-L momentum sign to this unmatched horizon.
jegadeesh-1993	mom6m	Past J-month compounded return; the representative strategy uses J = 6 months	At the beginning of every month, rank stocks by past J-month returns, form ten equal-weighted deciles, buy the highest-past-return winner decile, and sell the lowest-past-return loser decile. Positions are held K months with overlapping cohorts and monthly rebalancing; J and K each take 3, 6, 9, or 12 months, with a second family of strategies inserting a one-week skip.	CRSP daily-return file compounded to monthly returns; January 1965-December 1989; stocks need returns over the preceding J months.	Ten portfolios ranked ascending on J-month lagged returns; lowest-return decile is sell and highest-return decile is buy.	Equal-weighted decile portfolios; the published results use monthly rebalanced returns.	Monthly formation and rebalancing with K overlapping cohorts.	K = 3, 6, 9, or 12 months; the representative case is 6 months.	Highest past-return decile (winners).	Lowest past-return decile (losers).	H-L	extracted-text/jegadeesh-1993.txt:225-299 (Section I construction and Section II result),332-393 (Table I notes and 32 strategies),1528-1544 (conclusion); papers/jegadeesh-1993/jegadeesh-titman-1993.pdf	publisher_pdf_cityu	high	The paper explicitly calls the zero-cost return winners minus losers / buy minus sell. This supports EquityChars' H-L direction for the six-month momentum mapping, subject to the repository formula's own lag-index convention.
jiang-2005	age	Firm Age = number of months between event month t and the first month that the stock appears in CRSP	The published article sorts firms monthly on Firm Age as an information-uncertainty proxy; its standalone age table uses ten portfolios and reports V10-V1, where V10 is youngest/low age and V1 is oldest/high age.	NYSE/AMEX/NASDAQ firms from 1965-2001; excludes closed-end funds, REITs, ADRs, foreign firms, very small firms, and firms with less than 12 months of CRSP past returns.	Monthly deciles on Firm Age; V1 is oldest/high age and V10 is youngest/low age.	Equal-weighted portfolio returns.	Monthly.	Next K months, K=6 or 12; holding-period returns average strategies initiated in the current and previous K-1 months.	youngest / low Firm Age portfolio (V10)	oldest / high Firm Age portfolio (V1)	L-H	extracted-text/jiang-2005-publisher.txt:352,394-400,472-512,553-572	publisher_final_pdf	high	Verified against the formal Review of Accounting Studies publisher PDF; age definition, monthly sort, equal-weighted overlapping returns, and V10-minus-V1 direction are explicit.
kama-2009	rsup	standardized unexpected revenue (SURG), calculated like SUE but using revenue per share	The paper studies market reaction and post-announcement drift using SURG in Fama-MacBeth regressions and event-window abnormal returns; it does not provide a standalone tradable revenue-surprise high-minus-low or low-minus-high portfolio.	Compustat/CRSP public companies from 1974-2005, excluding financial institutions and utilities and trimming the extreme 1% on each side for SUE, SURG, and SAR.	No standalone SURG portfolio breakpoints; regressions use continuous SURG and Table 6 uses sign combinations of SUE and SURG.	Size-adjusted returns; no standalone simple SURG portfolio weighting.	Quarterly event observations; no simple sorted-portfolio rebalance.	Days -2 through +1 around earnings announcement; post-announcement regression uses day +2 through six months after announcement.	no explicit simple long leg	no explicit simple short leg	not-simple	extracted-text/kama-2009.txt:260-267,286-312,380-388,521-542,713-723,819-826,876-934	direct_original_text	high	Kama (2009) gives regression/event-reaction evidence for SURG and opposite-sign SUE/SURG event groups, not a standalone tradable rsup spread.
lakonishok-1994	cash	Cash holdings	The published article defines cash flow (earnings plus depreciation), cash-flow-to-price, and growth in cash flow, but it does not define or sort on a standalone cash-holdings ratio matching EquityChars `cash`. This repository attribution therefore cannot support a simple LMS rule for the implemented signal.	NYSE and AMEX, portfolios formed annually at the end of April from 1968 with up to five post-formation years; this sample description applies to the paper, not to a cash-holdings sort.	N/A; no matching cash-holdings sort.	N/A.	N/A.	N/A.	N/A.	N/A.	N/A	extracted-text/lakonishok-1994-publisher.txt:215-365,440-540	publisher_final_jstor_pdf	high	The final Journal of Finance article's “cash flow” is not cash holdings. Treat the EquityChars paper attribution as a source-mapping mismatch unless another authoritative LSV construction is supplied.
lakonishok-1994	cfp	Cash flow to price (C/P), with cash flow defined as earnings plus depreciation	Form annual deciles on positive cash-flow-to-price ratios. High-C/P stocks are value stocks and low-C/P stocks are glamour stocks; the tenth decile outperforms the first decile.	NYSE and AMEX; annual end-of-April formations beginning in 1968; accounting data from COMPUSTAT and returns from CRSP; performance examined for five years.	Deciles on positive C/P; high C/P is decile 10 and low C/P is decile 1.	Equal-weighted within portfolios; raw and size-adjusted returns are reported.	Annual formation and annual rebalancing.	One through five post-formation years.	Decile 10, high C/P / value.	Decile 1, low C/P / glamour.	H-L	extracted-text/lakonishok-1994-publisher.txt:215-365,440-565	publisher_final_jstor_pdf	high	Verified against the final Journal of Finance/JSTOR PDF. The article explicitly identifies high C/P as value, low C/P as glamour, and reports an 11 percentage-point average annual extreme-decile return difference.
lakonishok-1994	sgr	Five-year weighted-average rank of annual sales growth	For each stock, rank annual sales growth separately in years -1 through -5, combine the ranks with weights 5, 4, 3, 2, and 1 from most to least recent, and form deciles on the weighted-average rank. The value strategy is long the low-GS decile and short the high-GS decile.	NYSE and AMEX; annual end-of-April formations beginning in 1968; accounting data from COMPUSTAT and returns from CRSP; performance examined for five years.	Deciles on the weighted-average five-year sales-growth rank.	Equal-weighted within portfolios; raw and size-adjusted returns are reported.	Annual formation and annual rebalancing.	One through five post-formation years.	Low GS / low past sales-growth decile (value).	High GS / high past sales-growth decile (glamour).	L-H	extracted-text/lakonishok-1994-publisher.txt:215-365,440-540,595-623	publisher_final_jstor_pdf	high	Verified against the final Journal of Finance/JSTOR PDF. Low GS earns +2.2% annual size-adjusted return and high GS -2.4%; EquityChars implements H-L, so the source and code directions disagree.
lev-2004	tb	tax-to-book income ratio / R TAX	TAX is estimated taxable income after tax divided by net income; R TAX is the within-two-digit-SIC industry-year quintile rank from 1 to 5. Main return evidence is cross-sectional regressions of next-year stock returns, not a standalone univariate long-short portfolio.	Sample years 1973-2000; annual accounting signal; future annual stock return is measured from May 1 of the subsequent year.	Within industry-year quintiles of TAX; R TAX=1 lowest quintile and R TAX=5 highest quintile.	Regression-based; supplemental 2x2 portfolio analysis uses high/low R TAX crossed with high/low R CFO, not a pure tb portfolio.	Annual.	One-year-ahead return from May 1.	high R TAX / high taxable income relative to earnings, but only as regression or conditional portfolio side	low R TAX / low taxable income relative to earnings, but only as regression or conditional portfolio side	not-simple	extracted-text/lev-2004.txt:395-420,470-503,520-650,1390-1403,1535-1555	original_full_text	high	The source supports the raw signal and positive return association, but the design is regressions plus a bivariate R TAX/R CFO portfolio check.
liu-2006	zerotrade	LM12 = standardized turnover-adjusted number of zero daily trading volumes over the prior 12 months	The published article sorts stocks in ascending LM12 each month, forms equally weighted deciles using NYSE breakpoints, and reports B-S: the highest-LM12 least-liquid decile minus the lowest-LM12 most-liquid decile.	January 1963-December 2003 NYSE/AMEX ordinary common stocks; portfolios form monthly from January 1964 to January 2003.	Monthly deciles using NYSE breakpoints.	Equal-weighted portfolios.	Monthly.	12 months.	Highest-LM12 decile B / least liquid stocks.	Lowest-LM12 decile S / most liquid stocks.	H-L	extracted-text/liu-2006-publisher.txt:27,30,34-35,569-577,757,1636	publisher_full_text	high	Verified against the formal Journal of Financial Markets publisher full text; LM12 definition, ascending sort, breakpoints, holding period, and B-minus-S direction are explicit.
michaely-1995	divi	cash dividend initiation event	Event study of first cash dividend payments; computes buy-and-hold excess returns for initiation firms versus benchmarks, and in the naive trading rule buys initiation-event stocks after announcement with an offsetting short position in the CRSP equal-weighted index.	NYSE/AMEX firms initiating cash dividends during 1964-1988; 561 initiation events; event window and post-event returns measured relative to announcement.	Event group, not cross-sectional breakpoints.	Average excess returns across event firms; naive rule uses equal-dollar long stock position offset by short CRSP equal-weighted index.	Event-driven.	Three-day event window plus one- and three-year post-event buy-and-hold excess returns; naive rule holds one year / 252 trading days.	initiation-event stocks	CRSP equal-weighted index / benchmark offset	not-simple	extracted-text/michaely-1995.txt:207-233,504-535,712-719,1591-1602	extracted_text	high	Event-group construction, not a high-minus-low continuous sort.
michaely-1995	divo	cash dividend omission event	Event study of firms omitting regular cash dividends; computes buy-and-hold excess returns versus benchmarks, and in the naive trading rule shorts omission-event stocks after announcement with an offsetting long position in the CRSP equal-weighted index.	NYSE/AMEX firms with regular cash dividends that omitted payments during 1964-1988; 887 omission events; event window and post-event returns measured relative to announcement.	Event group, not cross-sectional breakpoints.	Average excess returns across event firms; naive rule uses equal-dollar short stock position offset by long CRSP equal-weighted index.	Event-driven.	Three-day event window plus one- and three-year post-event buy-and-hold excess returns; naive rule holds one year / 252 trading days.	CRSP equal-weighted index / benchmark offset	omission-event stocks	not-simple	extracted-text/michaely-1995.txt:274-290,446-459,504-535,872-879,1591-1602	extracted_text	high	Event-group construction; profitable trade is short omission firms and long benchmark, so this is not a simple H-L/L-H characteristic spread.
moskowitz-1999	indmom	lagged industry return	Forms 20 value-weighted two-digit-SIC industry portfolios monthly, ranks industries by L-month lagged returns, and forms IM(L,H) industry momentum portfolios long past winning industries and short past losing industries; main analysis emphasizes six-month ranking/six-month holding.	CRSP/COMPUSTAT; 20 value-weighted industry portfolios formed monthly from July 1963 to July 1995.	Top three and bottom three industries by past L-month return; table also defines middle three ranks 9-11.	Industries are value-weighted internally; winner and loser sides are equal-weighted across selected industries.	Monthly.	H months; main six-month hold, with H = 1, 6, 12, 24, or 36 months tested.	highest past-return industries / winners	lowest past-return industries / losers	H-L	extracted-text/moskowitz-1999.txt:221-243,591-615,1179-1194,1230-1240,1460-1465	extracted_text	high	Simple industry-level return-sort strategy; distinguish from individual-stock momentum.
novy-marx-2013	gma	Gross profits-to-assets, (REVT - COGS) / AT	At the end of each June, sort eligible stocks into profitability quintiles using NYSE breakpoints on annual gross profits-to-assets. Table 2 reports a profitable-minus-unprofitable spread, with the most profitable firms earning 0.31% per month more than the least profitable firms.	Compustat data beginning in 1962; accounting data for a fiscal year are used from the following June; returns cover July 1963 through December 2010; financial firms are excluded.	NYSE quintiles on gross profits-to-assets.	Value-weighted monthly excess returns.	Annual, at the end of June.	Twelve months until the next June rebalance; the paper also reports a separate monthly high-frequency robustness strategy.	Most profitable / highest gross profits-to-assets quintile.	Least profitable / lowest gross profits-to-assets quintile.	H-L	extracted-text/novy-marx-2013.txt:118-139 (definition and sample),249-299 (Section 2.2 and Table 2); papers/novy-marx-2013/novy-marx-2013-authoritative-fulltext.html	publisher_full_text_cityu	high	The publisher text explicitly labels the spread profitable minus unprofitable; embedded Appendix A is part of the article and no separate SI/data/code attachment was exposed.
ortiz-molina-2014	alm	real-asset illiquidity measures MNoPotBuy, NLPotBuy, and MTotM&A; also MInM&A and MOutM&A	The published article measures real-asset illiquidity using the absence or financial slack of potential buyers and minus industry M&A activity, standardizes the measures, and relates them to implied cost of capital. Univariate tables sort firms into asset-illiquidity quintiles; regressions use standardized variables.	Sample period 1984-2006 for the main asset-illiquidity/cost-of-capital tests; measures use three-digit SIC industries and are often averaged over the past five years.	Annual quintiles by real-asset illiquidity for univariate tests; standardized variables in regressions.	Equal-weighted and value-weighted average implied-cost-of-capital portfolios in univariate tests; regression-based main evidence.	Annual.	N/A; expected cost-of-capital tests, not realized-return holding-period portfolios.	No explicit traded long leg; the paper reports the high-minus-low asset-illiquidity cost-of-capital premium.	No explicit traded short leg; the paper reports the high-minus-low asset-illiquidity cost-of-capital premium.	not-simple	extracted-text/ortiz-molina-2014-publisher.txt:86-119,219-226,307,340-388,548-570,642-723	publisher_final_pdf	high	Verified against the formal Journal of Financial and Quantitative Analysis publisher PDF. The repo label “Quarterly Asset Liquidity” is unsupported: the paper studies annual implied cost of capital and does not define a realized-return long-short strategy.
ou-1989	cashdebt	Cash flow to total debt	The paper treats cash flow to debt as one accounting descriptor among a large candidate set and combines selected descriptors through a stepwise logit into Pr, the estimated probability of a one-year-ahead earnings increase. It does not form a univariate cashdebt portfolio.	Descriptors are estimated on 1965-1972 or 1973-1977 data; annual positions are formed for 1973-1983 three months after fiscal year-end.	The published portfolio cutoffs apply to composite Pr (>0.6 versus <=0.4), not to cashdebt.	Mean monthly returns on each composite position; the reported hedge is the zero-investment difference between the two sides.	Annual overlapping formation with monthly portfolio rebalancing in the cumulative-return calculation.	24 months.	Composite portfolio only: Pr > 0.6; no univariate cashdebt long leg.	Composite portfolio only: Pr <= 0.4; no univariate cashdebt short leg.	not-simple	extracted-text/ou-1989.txt:396-470 (Table 2),535-617 (Table 3),665-685 (preset strategy),860-890 (Table 6 notes); papers/ou-1989/ou-1989.pdf	author_institution_full_text	high	The source's H-L rule is for the composite earnings-increase probability, not for this input descriptor; do not transfer that sign to a standalone cashdebt sort.
ou-1989	currat	Current ratio	The paper treats current ratio as one accounting descriptor among a large candidate set and combines selected descriptors through a stepwise logit into Pr, the estimated probability of a one-year-ahead earnings increase. It does not form a univariate current-ratio portfolio.	Descriptors are estimated on 1965-1972 or 1973-1977 data; annual positions are formed for 1973-1983 three months after fiscal year-end.	The published portfolio cutoffs apply to composite Pr (>0.6 versus <=0.4), not to current ratio.	Mean monthly returns on each composite position; the reported hedge is the zero-investment difference between the two sides.	Annual overlapping formation with monthly portfolio rebalancing in the cumulative-return calculation.	24 months.	Composite portfolio only: Pr > 0.6; no univariate current-ratio long leg.	Composite portfolio only: Pr <= 0.4; no univariate current-ratio short leg.	not-simple	extracted-text/ou-1989.txt:396-470 (Table 2),535-617 (Table 3),665-685 (preset strategy),860-890 (Table 6 notes); papers/ou-1989/ou-1989.pdf	author_institution_full_text	high	The source's H-L rule is for the composite earnings-increase probability, not for this input descriptor.
ou-1989	pchcurrat	Percentage change in current ratio	The paper treats the percentage change in current ratio as one accounting descriptor and combines selected descriptors through a stepwise logit into composite Pr. It does not form a univariate pchcurrat portfolio.	Descriptors are estimated on 1965-1972 or 1973-1977 data; annual positions are formed for 1973-1983 three months after fiscal year-end.	The published portfolio cutoffs apply to composite Pr (>0.6 versus <=0.4), not to pchcurrat.	Mean monthly returns on each composite position; the reported hedge is the zero-investment difference between the two sides.	Annual overlapping formation with monthly portfolio rebalancing in the cumulative-return calculation.	24 months.	Composite portfolio only: Pr > 0.6; no univariate pchcurrat long leg.	Composite portfolio only: Pr <= 0.4; no univariate pchcurrat short leg.	not-simple	extracted-text/ou-1989.txt:396-470 (Table 2),535-617 (Table 3),665-685 (preset strategy),860-890 (Table 6 notes); papers/ou-1989/ou-1989.pdf	author_institution_full_text	high	The source's H-L rule is for composite Pr, not this input descriptor.
ou-1989	pchquick	Percentage change in quick ratio	The paper treats the percentage change in quick ratio as one accounting descriptor and combines selected descriptors through a stepwise logit into composite Pr. It does not form a univariate pchquick portfolio.	Descriptors are estimated on 1965-1972 or 1973-1977 data; annual positions are formed for 1973-1983 three months after fiscal year-end.	The published portfolio cutoffs apply to composite Pr (>0.6 versus <=0.4), not to pchquick.	Mean monthly returns on each composite position; the reported hedge is the zero-investment difference between the two sides.	Annual overlapping formation with monthly portfolio rebalancing in the cumulative-return calculation.	24 months.	Composite portfolio only: Pr > 0.6; no univariate pchquick long leg.	Composite portfolio only: Pr <= 0.4; no univariate pchquick short leg.	not-simple	extracted-text/ou-1989.txt:396-470 (Table 2),535-617 (Table 3),665-685 (preset strategy),860-890 (Table 6 notes); papers/ou-1989/ou-1989.pdf	author_institution_full_text	high	The source's H-L rule is for composite Pr, not this input descriptor.
ou-1989	pchsaleinv	Percentage change in inventory turnover (sales to inventory)	The paper treats the percentage change in inventory turnover as one accounting descriptor and combines selected descriptors through a stepwise logit into composite Pr. It does not form a univariate pchsaleinv portfolio.	Descriptors are estimated on 1965-1972 or 1973-1977 data; annual positions are formed for 1973-1983 three months after fiscal year-end.	The published portfolio cutoffs apply to composite Pr (>0.6 versus <=0.4), not to pchsaleinv.	Mean monthly returns on each composite position; the reported hedge is the zero-investment difference between the two sides.	Annual overlapping formation with monthly portfolio rebalancing in the cumulative-return calculation.	24 months.	Composite portfolio only: Pr > 0.6; no univariate pchsaleinv long leg.	Composite portfolio only: Pr <= 0.4; no univariate pchsaleinv short leg.	not-simple	extracted-text/ou-1989.txt:396-470 (Table 2),535-617 (Table 3),665-685 (preset strategy),860-890 (Table 6 notes); papers/ou-1989/ou-1989.pdf	author_institution_full_text	high	The source's H-L rule is for composite Pr, not this input descriptor.
ou-1989	quick	Quick ratio	The paper treats quick ratio as one accounting descriptor among a large candidate set and combines selected descriptors through a stepwise logit into composite Pr. It does not form a univariate quick-ratio portfolio.	Descriptors are estimated on 1965-1972 or 1973-1977 data; annual positions are formed for 1973-1983 three months after fiscal year-end.	The published portfolio cutoffs apply to composite Pr (>0.6 versus <=0.4), not to quick ratio.	Mean monthly returns on each composite position; the reported hedge is the zero-investment difference between the two sides.	Annual overlapping formation with monthly portfolio rebalancing in the cumulative-return calculation.	24 months.	Composite portfolio only: Pr > 0.6; no univariate quick-ratio long leg.	Composite portfolio only: Pr <= 0.4; no univariate quick-ratio short leg.	not-simple	extracted-text/ou-1989.txt:396-470 (Table 2),535-617 (Table 3),665-685 (preset strategy),860-890 (Table 6 notes); papers/ou-1989/ou-1989.pdf	author_institution_full_text	high	The source's H-L rule is for composite Pr, not this input descriptor.
ou-1989	salecash	Sales to total cash	The paper treats sales to total cash as one accounting descriptor among a large candidate set and combines selected descriptors through a stepwise logit into composite Pr. It does not form a univariate salecash portfolio.	Descriptors are estimated on 1965-1972 or 1973-1977 data; annual positions are formed for 1973-1983 three months after fiscal year-end.	The published portfolio cutoffs apply to composite Pr (>0.6 versus <=0.4), not to salecash.	Mean monthly returns on each composite position; the reported hedge is the zero-investment difference between the two sides.	Annual overlapping formation with monthly portfolio rebalancing in the cumulative-return calculation.	24 months.	Composite portfolio only: Pr > 0.6; no univariate salecash long leg.	Composite portfolio only: Pr <= 0.4; no univariate salecash short leg.	not-simple	extracted-text/ou-1989.txt:396-470 (Table 2),535-617 (Table 3),665-685 (preset strategy),860-890 (Table 6 notes); papers/ou-1989/ou-1989.pdf	author_institution_full_text	high	The source's H-L rule is for composite Pr, not this input descriptor.
ou-1989	saleinv	Sales to inventory	The paper treats sales to inventory as one accounting descriptor among a large candidate set and combines selected descriptors through a stepwise logit into composite Pr. It does not form a univariate saleinv portfolio.	Descriptors are estimated on 1965-1972 or 1973-1977 data; annual positions are formed for 1973-1983 three months after fiscal year-end.	The published portfolio cutoffs apply to composite Pr (>0.6 versus <=0.4), not to saleinv.	Mean monthly returns on each composite position; the reported hedge is the zero-investment difference between the two sides.	Annual overlapping formation with monthly portfolio rebalancing in the cumulative-return calculation.	24 months.	Composite portfolio only: Pr > 0.6; no univariate saleinv long leg.	Composite portfolio only: Pr <= 0.4; no univariate saleinv short leg.	not-simple	extracted-text/ou-1989.txt:396-470 (Table 2),535-617 (Table 3),665-685 (preset strategy),860-890 (Table 6 notes); papers/ou-1989/ou-1989.pdf	author_institution_full_text	high	The source's H-L rule is for composite Pr, not this input descriptor.
ou-1989	salerec	Sales to accounts receivable	The paper treats sales to accounts receivable as one accounting descriptor among a large candidate set and combines selected descriptors through a stepwise logit into composite Pr. It does not form a univariate salerec portfolio.	Descriptors are estimated on 1965-1972 or 1973-1977 data; annual positions are formed for 1973-1983 three months after fiscal year-end.	The published portfolio cutoffs apply to composite Pr (>0.6 versus <=0.4), not to salerec.	Mean monthly returns on each composite position; the reported hedge is the zero-investment difference between the two sides.	Annual overlapping formation with monthly portfolio rebalancing in the cumulative-return calculation.	24 months.	Composite portfolio only: Pr > 0.6; no univariate salerec long leg.	Composite portfolio only: Pr <= 0.4; no univariate salerec short leg.	not-simple	extracted-text/ou-1989.txt:396-470 (Table 2),535-617 (Table 3),665-685 (preset strategy),860-890 (Table 6 notes); papers/ou-1989/ou-1989.pdf	author_institution_full_text	high	The source's H-L rule is for composite Pr, not this input descriptor.
piotroski-2000	pscore	F-SCORE = sum of nine binary financial statement signals	F-SCORE sums nine good/bad binary signals: ROA, change in ROA, CFO, accrual, change in margin, change in turnover, change in leverage, change in liquidity, and no equity issuance; the main table classifies low F-SCORE as 0 or 1 and high F-SCORE as 8 or 9, while the calendar-year hedge uses strong F-SCORE >= 5 versus weak F-SCORE < 5.	High book-to-market firms only; 14,043 high-BM firm-years over 21 years; returns start at the beginning of the fifth month after fiscal year-end.	Highest BM quintile first; main F-SCORE extremes use 0-1 versus 8-9; calendar-year hedge uses >=5 versus <5.	Mean buy-and-hold firm returns / equal-weighted portfolio comparison; market-adjusted returns subtract the value-weighted market index buy-and-hold return.	Annual.	12 months for main one-year returns; two-year returns also reported.	high or strong F-SCORE firms	low or weak F-SCORE firms	H-L	extracted-text/piotroski-2000.txt:390-399,423-458,466-534,572-588,638-647,684-704,1025-1031,1790-1797	full_text	high	The original text contains two thresholds: 0/1 versus 8/9 for main extreme portfolios, and >=5 versus <5 for the calendar-year hedge.
pontiff-2008	chcsho	ISSUE(t,t-11) = ln(split-adjusted shares outstanding at t) - ln(split-adjusted shares outstanding at t-11)	The published article uses the annual log change in split-adjusted CRSP shares outstanding in Fama-MacBeth predictive regressions. It reports a negative relation with future returns but does not define a characteristic-sorted hedge portfolio.	The primary sample contains monthly CRSP observations from January 1970-December 2003; an out-of-sample test covers September 1932-December 1969.	N/A; predictive cross-sectional regressions rather than portfolio sorts.	N/A; no standalone hedge portfolio.	monthly regressions with a rolling annual signal	One month, six months, one year, second-year annual, and third-year annual holding-period dependent variables.	N/A	N/A	not-simple	extracted-text/pontiff-2008-publisher.txt:151-216,565-615,743-783	publisher_final_jstor_pdf	high	Verified against the final Journal of Finance/JSTOR PDF. The annual ISSUE coefficient is negative and significant, but no paper-defined high-minus-low or low-minus-high portfolio exists.
pontiff-2008	ni	ISSUE(t,t-11) = ln(split-adjusted shares outstanding at t) - ln(split-adjusted shares outstanding at t-11)	The closest published variable to repository net stock issues is the annual log change in split-adjusted CRSP shares outstanding. The article tests it in Fama-MacBeth predictive regressions and does not define a simple net-issues hedge portfolio.	The primary sample contains monthly CRSP observations from January 1970-December 2003; an out-of-sample test covers September 1932-December 1969.	N/A; predictive cross-sectional regressions rather than portfolio sorts.	N/A; no standalone hedge portfolio.	monthly regressions with a rolling annual signal	One month, six months, one year, second-year annual, and third-year annual holding-period dependent variables.	N/A	N/A	not-simple	extracted-text/pontiff-2008-publisher.txt:151-216,565-615,743-783	publisher_final_jstor_pdf	high	Verified against the final Journal of Finance/JSTOR PDF. The source supports a negative issuance-return slope, but no paper-defined LMS direction should be inferred; retain not-simple.
rendelman-1982	sue	standardized unexpected quarterly earnings (SUE)	The published trading test forms portfolios from the 20 highest and 20 lowest SUE stocks, matches each leg to beta one, and calculates high-SUE minus low-SUE three-month returns. Its broader event study assigns every stock to ten fixed SUE ranges and confirms that the highest categories rise while the lowest fall.	36 quarters from 1971Q3 through 1980Q2; Compustat quarterly earnings and announcement dates are matched to CRSP daily returns.	Trading test: highest 20 versus lowest 20 SUE stocks. Event study: ten fixed SUE categories from SUE <= -4 through SUE > 4.	Each 20-stock leg is divided into two equally weighted ten-stock groups and weighted to beta one; unadjusted results are also reported. Event-category excess returns are equally weighted.	Quarterly/event-driven.	Three months for the portfolio test, with starting positions one through five months after fiscal-quarter close; event study covers day -20 through +90 around the announcement.	Highest-SUE stocks / favorable unexpected earnings.	Lowest-SUE stocks / unfavorable unexpected earnings.	H-L	extracted-text/rendelman-1982-publisher.txt:267-300,313-338,528-576,616-647,771-812	publisher_final_pdf	high	Verified against the formal 19-page Journal of Financial Economics PDF. The paper explicitly reports differences between high- and low-SUE portfolio returns; this is a high-minus-low direction.
richardson-2005	egr	change in external equity financing (ΔEquity), where book common equity is scaled by average total assets	The published article decomposes accruals and financing changes and tests ΔEquity in predictive return regressions; it does not define a standalone simple long/short egr portfolio matching the repository characteristic.	Annual U.S. firm-year observations, 1962-2001; stock returns are measured over the 12 months beginning four months after fiscal year-end.	N/A; regression and decomposition evidence rather than an explicit portfolio sort.	N/A	annual	12 months, beginning four months after fiscal year-end.	N/A	N/A	not-simple	extracted-text/richardson-2005-publisher.txt:71-77,235,1162,1165,1170-1172,1379,1501	publisher_full_text	high	Verified against the formal Journal of Accounting and Economics publisher full text. The paper's ΔEquity is an external-equity-financing component; no simple egr hedge direction should be inferred from its regression coefficient.
richardson-2005	lgr	change in total financial liabilities (ΔFINL), comprising long-term debt, debt in current liabilities, and preferred stock, scaled by average total assets	The closest published component to repository lgr is ΔFINL, which the article uses in accrual/financing decompositions and predictive return regressions; it is broader than growth in long-term debt and is not presented as a simple standalone lgr long/short portfolio.	Annual U.S. firm-year observations, 1962-2001; stock returns are measured over the 12 months beginning four months after fiscal year-end.	N/A; regression and decomposition evidence rather than a matching long-term-debt portfolio sort.	N/A	annual	12 months, beginning four months after fiscal year-end.	N/A	N/A	not-simple	extracted-text/richardson-2005-publisher.txt:163-167,221-235,665,1170-1172,1252,1374,1499,1705	publisher_full_text	high	Verified against the formal Journal of Accounting and Economics publisher full text. Mapping caveat: repository lgr is narrower than the paper's ΔFINL because ΔFINL also includes current debt and preferred stock.
rosenberg-1985	bm	book-to-price ratio	The final article's book/price strategy gives positive exposure to high book/price stocks and negative exposure to low book/price stocks, but it is an optimized pure hedge rather than a simple quantile spread. Weights sum to zero overall and within each of 55 industries, are orthogonal to eleven risk indexes and the return-reversal strategy, and are variance-minimizing.	HICAP universe of approximately 1,400 large Compustat companies; monthly data from January 1973-March 1980 for the retrospective B/P test and April 1980-September 1984 for the prospective evaluation.	No quantile breakpoint; the weighted book/price exposure is fixed at one cross-sectional standard deviation above the capitalization-weighted market mean.	Optimized positive and negative zero-investment weights, industry-neutral and orthogonal to eleven risk indexes and the companion strategy.	Monthly weights; less than 5% monthly turnover.	Monthly returns; high-book/price holdings tend to remain in the strategy for more than one year.	High book/price exposure through positive optimized weights.	Low book/price exposure through negative optimized weights.	not-simple	extracted-text/rosenberg-1985-publisher.txt:3-63,128-179,278-295,328-347; visual first page	publisher_final_pdf_visual_and_text	high	Verified against the formal eight-page Journal of Portfolio Management PDF. The economic sign is high-minus-low, but the published return is an orthogonalized minimum-variance hedge, so it is not classified as a simple H-L portfolio.
sloan-1996	acc	accruals = change in non-cash current assets minus change in current liabilities excluding short-term debt and taxes payable, minus depreciation, scaled by average total assets	The published article ranks firms annually by accrual magnitude, assigns equal numbers to ten portfolios, and forms an equal-valued hedge long the lowest-accrual decile and short the highest-accrual decile.	40,679 firm-years from 1962-1991; financial-statement variables are annual, and return accumulation starts four months after fiscal year-end.	Annual equal-count accrual deciles, lowest through highest.	Equal-weighted portfolio abnormal returns; size-adjusted buy-and-hold returns and Jensen alphas are reported.	annual	One year for the primary test; the paper also reports years two and three.	lowest-accrual decile	highest-accrual decile	L-H	extracted-text/sloan-1996-publisher.txt:297-330,878-903,925-951,1009-1011	published_jstor_pdf_institutional_mirror	high	Verified against the final Accounting Review/JSTOR-formatted PDF publicly hosted by CUHK; journal volume, issue, pages, accrual formula, timing, deciles, weighting, and lowest-minus-highest hedge are explicit. This is a published archival copy, not a draft.
soliman-2008	ato	ATO = sales divided by average net operating assets	The published article uses the level of asset turnover as a DuPont component and control in predictive return regressions. It finds that the change in ATO, rather than the level, carries the return-predictive result; no standalone level-ATO long/short portfolio is defined.	38,716 firm-years from 1984-2002; financial firms and observations lacking I/B/E/S, Compustat, or CRSP data are excluded.	Annual decile ranks in the future-return regressions.	N/A; Fama-MacBeth regression evidence rather than a standalone level-ATO portfolio.	annual	One-year future market-adjusted return beginning four months after fiscal year-end.	N/A	N/A	not-simple	extracted-text/soliman-2008-publisher.txt:391-399,669-729,837-905,1577-1713	publisher_final_jstor_pdf	high	Verified against the final Accounting Review/JSTOR PDF. Do not transfer the positive high-minus-low result for ΔATO to the level-ATO repository characteristic.
soliman-2008	chatoia	repository signal is industry-adjusted change in asset turnover; closest paper variable is unadjusted ΔATO = ATO(t) - ATO(t-1)	The published article ranks unadjusted ΔATO annually and reports that moving from the bottom to the top decile predicts about 7.8% future abnormal return before the full controls and about 5.2% after them. The exact repository signal is industry-adjusted, which this article does not construct, so the published hedge cannot be treated as an exact chatoia strategy.	38,716 firm-years from 1984-2002; future returns begin four months after fiscal year-end.	Annual deciles numbered 0-9 for the paper's unadjusted ΔATO.	Regression-implied top-minus-bottom decile hedge; underlying future returns are compounded buy-and-hold market-adjusted returns.	annual	One year.	Closest paper strategy: highest unadjusted ΔATO decile.	Closest paper strategy: lowest unadjusted ΔATO decile.	not-simple	extracted-text/soliman-2008-publisher.txt:391-399,669-729,837-905,1577-1713	publisher_final_jstor_pdf	high	Verified against the final Accounting Review/JSTOR PDF. Closest paper direction is H-L for unadjusted ΔATO, but the repository's industry adjustment is absent; retain not-simple to prevent a false exact attribution.
soliman-2008	chpmia	repository signal is industry-adjusted change in profit margin; closest paper variable is unadjusted ΔPM = PM(t) - PM(t-1)	The published article includes unadjusted ΔPM in annual decile-rank future-return regressions, but does not construct the repository's industry-adjusted variable and does not report the robust positive hedge result found for ΔATO.	38,716 firm-years from 1984-2002; future returns begin four months after fiscal year-end.	Annual decile ranks for the paper's unadjusted ΔPM.	N/A; regression evidence does not establish a matching industry-adjusted traded spread.	annual	One year.	N/A	N/A	not-simple	extracted-text/soliman-2008-publisher.txt:391-399,669-729,837-905,1577-1727	publisher_final_jstor_pdf	high	Verified against the final Accounting Review/JSTOR PDF. The exact industry-adjusted chpmia construction is absent, so no repository LMS direction is attributed.
soliman-2008	pm	PM = operating income divided by total sales	The published article uses profit margin as a DuPont component and control in contemporaneous and future-return regressions. It does not define a standalone profit-margin long/short portfolio, and the paper's principal future-return finding concerns change in asset turnover instead.	38,716 firm-years from 1984-2002; future returns begin four months after fiscal year-end.	Annual decile ranks in future-return regressions.	N/A; regression evidence rather than a standalone PM portfolio.	annual	One year.	N/A	N/A	not-simple	extracted-text/soliman-2008-publisher.txt:134-151,391-399,669-729,837-905,1577-1713	publisher_final_jstor_pdf	high	Verified against the final Accounting Review/JSTOR PDF. No simple PM hedge direction should be inferred from the DuPont regression.
soliman-2008	rna	repository label is quarterly return on net operating assets / quarterly asset turnover; paper variable is annual RNOA = PM × ATO	The published article studies annual return on net operating assets and its annual DuPont components. It does not define the repository's quarterly hybrid signal or a matching simple long/short portfolio.	38,716 annual firm-years from 1984-2002.	N/A; annual regression variables do not match the quarterly repository characteristic.	N/A	annual in the paper; quarterly in the repository label	N/A	N/A	N/A	not-simple	extracted-text/soliman-2008-publisher.txt:134-151,391-399,669-729,837-905	publisher_final_jstor_pdf	high	Verified against the final Accounting Review/JSTOR PDF. This is a frequency/definition mismatch: the paper's annual RNOA and ATO do not establish a quarterly rna strategy.
thomas-2002	chinv	change in total inventory	The published article sorts inventory changes into annual deciles and measures 12-month size-adjusted returns beginning four months after fiscal year-end; its hedge return is the lowest inventory-change decile minus the highest.	Annual Compustat/CRSP sample; 28 annual hedge returns; future return window begins four months after the inventory-change fiscal year-end.	Annual deciles based on each year's inventory-change distribution.	Buy-and-hold stock returns adjusted by the value-weighted return of the corresponding CRSP size-decile portfolio.	Annual.	12 months, beginning four months after fiscal year-end.	lowest inventory-change decile	highest inventory-change decile	L-H	extracted-text/thomas-2002-publisher.txt:17-24,110-116,128-143,182-205,226-257	publisher_final_pdf	high	Verified against the formal Review of Accounting Studies publisher PDF; annual deciles, return timing, adjustment, and lowest-minus-highest hedge direction are explicit.
thomas-2011	chtx	change in tax expense	Quarterly tax-expense surprise is explicitly arranged as a D10-D1 hedge portfolio in the original-text evidence.	Quarterly tax-expense surprise with a next-quarter follow-through.	D10 vs D1 decile portfolios.	Equal-weighted hedge	quarterly	next quarter / delayed response window	High	Low	H-L	10.1111/j.1475-679X.2011.00409.x#t2; Scholar Gateway chunk 20	Scholar Gateway original-text chunk	high	This is the only row in the batch retained as an explicit long-high / short-low construction.
titman-2004	cinvest	abnormal capital investment CI = CE(t-1) / average[CE(t-2), CE(t-3), CE(t-4)] - 1, where CE is capex scaled by sales	The published article measures abnormal capital investment from capital expenditures scaled by sales relative to the prior three-year average, sorts stocks into five ascending CI quintiles, and forms a CI-spread portfolio long the two lowest CI portfolios and short the two highest.	CI uses fiscal-year t-1 accounting data; returns from July of year t to June of year t+1; sample return period July 1973-June 1996.	CI quintiles in ascending order.	Value-weighted excess monthly returns; CI-spread has one-dollar long low-CI and one-dollar short high-CI.	Annual.	12 months for year-one returns; paper also reports first through fifth post-formation years and five-year cumulative returns.	two lowest CI quintiles (1st and 2nd)	two highest CI quintiles (4th and 5th)	L-H	extracted-text/titman-2004-publisher.txt:138-143,188-220,367-375,442-450,746-747	publisher_final_pdf	high	Verified against the formal Journal of Financial and Quantitative Analysis publisher PDF; formula, timing, ascending quintiles, weighting, and low-minus-high CI spread are explicit.
tuzel-2010	realestate	RER = [(buildings + capitalized leases) / PPE]firm minus the corresponding two-digit-SIC industry average	The published article computes an industry-adjusted real-estate ratio annually, sorts firms into RER quintiles, and reports the 5-minus-1 portfolio, long high RER and short low RER.	Non-real-estate Compustat firms with capital-composition data, matched to CRSP returns from July 1971-June 2005; fiscal-year t-1 accounting data are matched to July t-June t+1 returns with at least a six-month lag.	Annual quintiles on industry-adjusted RER.	Value-weighted and equal-weighted monthly returns are reported; the significant main 5-1 results use value weighting.	Annual.	12 months, July through June after formation.	highest RER quintile (5)	lowest RER quintile (1)	H-L	extracted-text/tuzel-2010-publisher.txt:50-53,603-610,613-817	publisher_full_text	high	Verified against the formal Review of Financial Studies publisher full text; RER definition, annual timing, quintiles, weighting, and high-minus-low direction are explicit.
valta-2016	convind	no paper indicator; closest priced variable is convertible debt / total debt	The published article defines continuous convertible-debt exposure and sorts firms with convertible debt into five quantiles; the repo binary convind label is not the paper's return-sort variable. If mapped to the continuous paper portfolio, the spread is high minus low rather than the repo L-H indicator.	U.S. CRSP/Compustat/Thomson sample, 1985-2012; fiscal year-ends in calendar t-1 are matched to July t through June t+1 returns; portfolios form monthly.	Five monthly quantiles among firms with convertible debt outstanding; no return-sort breakpoint for the repo binary indicator was found.	Individual-stock quantile alphas and equal- and value-weighted monthly portfolio returns.	Monthly.	One month, with annual accounting data on July-to-June timing.	Closest paper strategy: highest convertible-debt proportion quintile.	Closest paper strategy: lowest convertible-debt proportion quintile.	not-simple	extracted-text/valta-2016-publisher.txt:69-85,108-123,368-619,629-633,743-744,797-848,997-1064	publisher_final_pdf	high	Verified against the formal Journal of Financial and Quantitative Analysis publisher PDF. Repo mismatch remains: convind is binary, while the priced portfolio uses the continuous convertible-debt proportion.
valta-2016	secured	secured debt / total debt	The published article defines secured debt as secured debt divided by total debt, sorts firms with secured debt outstanding into five quantiles, and defines LS as holding the highest quantile and shorting the lowest.	U.S. CRSP/Compustat/Thomson sample, 1985-2012; fiscal year-ends in calendar t-1 are matched to July t through June t+1 returns; portfolios form monthly.	Five monthly quantiles among firms with secured debt outstanding; panels also report low/high Z-score subsamples.	Individual-stock quantile alphas and equal- and value-weighted monthly portfolio returns.	Monthly.	One month, with annual accounting data on July-to-June timing.	Highest secured-debt proportion quintile.	Lowest secured-debt proportion quintile.	H-L	extracted-text/valta-2016-publisher.txt:285-363,629-633,743-744,797-848,997-1064,1515-1522	publisher_final_pdf	high	Verified against the formal Journal of Financial and Quantitative Analysis publisher PDF; secured-debt definition and high-minus-low monthly portfolio direction are explicit.
valta-2016	securedind	no paper indicator; closest priced variable is secured debt / total debt	The published article uses the continuous secured-debt proportion and forms quintiles conditional on positive secured debt; the with/no-secured-debt split is descriptive, not a return strategy on the repo binary securedind indicator.	U.S. CRSP/Compustat/Thomson sample, 1985-2012; annual accounting data are matched to July-through-June returns and portfolios form monthly.	For the closest paper strategy, five monthly quantiles among firms with secured debt; no return-sort breakpoint for the repo binary indicator was found.	Individual-stock quantile alphas and equal- and value-weighted monthly portfolio returns.	Monthly.	One month, with annual accounting data on July-to-June timing.	Closest paper strategy: highest secured-debt proportion quintile.	Closest paper strategy: lowest secured-debt proportion quintile.	not-simple	extracted-text/valta-2016-publisher.txt:285-363,629-633,743-744,797-848,997-1064,1515-1522	publisher_final_pdf	high	Verified against the formal publisher PDF. Repo mismatch remains: securedind is binary, while the priced portfolio uses the continuous secured-debt proportion.
