characteristic_id	source_id	variant_role	source_label	source_year	formula_latex	formula_text	formula_match	data_fields	calculation_window_zh	calculation_window_en	accounting_lag_zh	accounting_lag_en	portfolio_rule_zh	portfolio_rule_en	direction	source_path	source_page	source_url	notes_zh	notes_en
abr	chan-1996	original_paper	Momentum Strategies	1996	\(\displaystyle \mathrm{ABR}_{i,q}=\sum_{\tau=-2}^{1}\left(R_{i,q+\tau}-R^{EW}_{m,q+\tau}\right)\)	abnormal return relative to the equally weighted market index cumulated from two days before to one day after the most recent past quarterly earnings announcement	paper_definition	abnormal return relative to the equally weighted market index cumulated from two days before to one day after the most recent past quarterly earnings announcement	Domestic NYSE/AMEX/Nasdaq primary stocks with CRSP and COMPUSTAT coverage; monthly formations from January 1977 to January 1993; returns start after skipping the first five days after formation.	Domestic NYSE/AMEX/Nasdaq primary stocks with CRSP and COMPUSTAT coverage; monthly formations from January 1977 to January 1993; returns start after skipping the first five days after formation.			NYSE-only decile breakpoints; earnings-momentum breakpoints use NYSE firms with earnings reported in the prior three months. Equal-weighted stocks within each decile portfolio. Monthly formation/ranking; remaining stocks rebalanced to equal weights at the end of each reported period for subsequent-period returns. Following six months and first, second, and third subsequent years.	NYSE-only decile breakpoints; earnings-momentum breakpoints use NYSE firms with earnings reported in the prior three months. Equal-weighted stocks within each decile portfolio. Monthly formation/ranking; remaining stocks rebalanced to equal weights at the end of each reported period for subsequent-period returns. Following six months and first, second, and third subsequent years.	not-simple	papers/chan-1996/chan-jegadeesh-lakonishok-1996-jstor.pdf		https://onlinelibrary.wiley.com/doi/10.1111/j.1540-6261.1996.tb05222.x	按论文变量定义转写。	Transcribed from the paper's variable definition.
absacc	bandyopadhyay-2010	original_paper	The Value of Long-Term Accrual Management	2010	\(\displaystyle \mathrm{ACCV}_{i,t}=\operatorname{SD}_{q=t-15,\ldots,t}\!\left(\frac{\mathrm{Accruals}_{i,q}}{\mathrm{Sales}_{i,q}}\right)\)	Accrual volatility (ACCV)	closest_paper_measure	Accrual volatility (ACCV)	U.S. quarterly accounting data and monthly returns, 1976-2008; a 16-quarter signal window precedes portfolio formation.	U.S. quarterly accounting data and monthly returns, 1976-2008; a 16-quarter signal window precedes portfolio formation.			Monthly deciles using the ranked ACCV values of all stocks; breakpoints are updated month by month. Both equal-weighted and value-weighted returns are reported. Monthly. One month in Table II, with robustness horizons through five years.	Monthly deciles using the ranked ACCV values of all stocks; breakpoints are updated month by month. Both equal-weighted and value-weighted returns are reported. Monthly. One month in Table II, with robustness horizons through five years.	L-H			https://papers.ssrn.com/sol3/papers.cfm?abstract_id=1466347	论文只给出最接近口径，与项目指标不完全相同。	The paper provides the closest available measure; it is not identical to the project signal.
acc	sloan-1996	original_paper	Do Stock Prices Fully Reflect Information in Accruals and Cash Flows About Future Earnings?	1996	\(\displaystyle \mathrm{ACC}_{i,t}=\frac{\Delta(\mathrm{ACT}-\mathrm{CHE})_{i,t}-\Delta(\mathrm{LCT}-\mathrm{DLC}-\mathrm{TXP})_{i,t}-\mathrm{DP}_{i,t}}{(\mathrm{AT}_{i,t}+\mathrm{AT}_{i,t-1})/2}\)	accruals = change in non-cash current assets minus change in current liabilities excluding short-term debt and taxes payable, minus depreciation, scaled by average total assets	paper_definition	accruals = change in non-cash current assets minus change in current liabilities excluding short-term debt and taxes payable, minus depreciation, scaled by average total assets	40,679 firm-years from 1962-1991; financial-statement variables are annual, and return accumulation starts four months after fiscal year-end.	40,679 firm-years from 1962-1991; financial-statement variables are annual, and return accumulation starts four months after fiscal year-end.			Annual equal-count accrual deciles, lowest through highest. Equal-weighted portfolio abnormal returns; size-adjusted buy-and-hold returns and Jensen alphas are reported. annual One year for the primary test; the paper also reports years two and three.	Annual equal-count accrual deciles, lowest through highest. Equal-weighted portfolio abnormal returns; size-adjusted buy-and-hold returns and Jensen alphas are reported. annual One year for the primary test; the paper also reports years two and three.	L-H	papers/sloan-1996/sloan-1996-publisher.pdf		https://doi.org/10.2308/tar-9608042309	按论文变量定义转写。	Transcribed from the paper's variable definition.
adm	chan-2001	original_paper	The Stock Market Valuation of Research and Development Expenditures	2001	\(\displaystyle \mathrm{ADM}_{i,t}=\frac{\mathrm{XAD}_{i,t}}{\mathrm{ME}_{i,t}}\)	advertising expenditure relative to market value of equity	paper_definition	advertising expenditure relative to market value of equity	Domestic NYSE/AMEX/Nasdaq primary stocks with CRSP and COMPUSTAT coverage; portfolios formed at end of April each year from 1975 to 1995 using most recently available accounting data with a four-month reporting delay.	Domestic NYSE/AMEX/Nasdaq primary stocks with CRSP and COMPUSTAT coverage; portfolios formed at end of April each year from 1975 to 1995 using most recently available accounting data with a four-month reporting delay.			Five equally sized portfolios among firms with advertising expenditures; no-advertising firms assigned to a separate portfolio. Equally weighted annual buy-and-hold portfolio returns; excess returns use equally weighted size and book-to-market matched control portfolios. Annual April formation; text says portfolio composition is revised each year. First, second, and third postformation years and average over the three postformation years.	Five equally sized portfolios among firms with advertising expenditures; no-advertising firms assigned to a separate portfolio. Equally weighted annual buy-and-hold portfolio returns; excess returns use equally weighted size and book-to-market matched control portfolios. Annual April formation; text says portfolio composition is revised each year. First, second, and third postformation years and average over the three postformation years.	not-simple	papers/chan-2001/chan-lakonishok-sougiannis-2001-jstor.pdf		https://onlinelibrary.wiley.com/doi/10.1111/0022-1082.00411	按论文变量定义转写。	Transcribed from the paper's variable definition.
age	jiang-2005	original_paper	Information Uncertainty and Expected Returns	2005	\(\displaystyle \mathrm{Age}_{i,t}=t-\mathrm{FirstCRSPMonth}_{i}\)	Firm Age = number of months between event month t and the first month that the stock appears in CRSP	closest_paper_measure	Firm Age = number of months between event month t and the first month that the stock appears in CRSP	NYSE/AMEX/NASDAQ firms from 1965-2001; excludes closed-end funds, REITs, ADRs, foreign firms, very small firms, and firms with less than 12 months of CRSP past returns.	NYSE/AMEX/NASDAQ firms from 1965-2001; excludes closed-end funds, REITs, ADRs, foreign firms, very small firms, and firms with less than 12 months of CRSP past returns.			Monthly deciles on Firm Age; V1 is oldest/high age and V10 is youngest/low age. Equal-weighted portfolio returns. Monthly. Next K months, K=6 or 12; holding-period returns average strategies initiated in the current and previous K-1 months.	Monthly deciles on Firm Age; V1 is oldest/high age and V10 is youngest/low age. Equal-weighted portfolio returns. Monthly. Next K months, K=6 or 12; holding-period returns average strategies initiated in the current and previous K-1 months.	L-H	papers/jiang-2005/jiang-2005-publisher.pdf		https://doi.org/10.1007/s11142-005-1528-2	论文只给出最接近口径，与项目指标不完全相同。	The paper provides the closest available measure; it is not identical to the project signal.
agr	cooper-2008	original_paper	Asset Growth and the Cross-Section of Stock Returns	2008	\(\displaystyle \mathrm{AGR}_{i,t}=\frac{\mathrm{AT}_{i,t}-\mathrm{AT}_{i,t-1}}{\mathrm{AT}_{i,t-1}}\)	year-on-year percentage change in total assets	paper_definition	year-on-year percentage change in total assets	U.S. stock cross section in the 2008 Journal of Finance paper; annual asset-growth sorts with subsequent return tests.	U.S. stock cross section in the 2008 Journal of Finance paper; annual asset-growth sorts with subsequent return tests.			not reported in abstract quintile sorts with an explicit spread column; equal- and value-weighted portfolios annual subsequent annual returns	not reported in abstract quintile sorts with an explicit spread column; equal- and value-weighted portfolios annual subsequent annual returns	L-H	papers/cooper-2008/cooper-gulen-schill-2008-jstor.pdf		https://onlinelibrary.wiley.com/doi/10.1111/j.1540-6261.2008.01370.x	按论文变量定义转写。	Transcribed from the paper's variable definition.
alm	ortiz-molina-2014	original_paper	Real Asset Illiquidity and the Cost of Capital	2014	\(\displaystyle \mathrm{ALM}_{j,t}\in\left\{\mathrm{MNoPotBuy}_{j,t},\mathrm{NLPotBuy}_{j,t},\mathrm{MTotM\&A}_{j,t},\mathrm{MInM\&A}_{j,t},\mathrm{MOutM\&A}_{j,t}\right\}\)	real-asset illiquidity measures MNoPotBuy, NLPotBuy, and MTotM&A; also MInM&A and MOutM&A	closest_paper_measure	real-asset illiquidity measures MNoPotBuy, NLPotBuy, and MTotM&A; also MInM&A and MOutM&A	Sample period 1984-2006 for the main asset-illiquidity/cost-of-capital tests; measures use three-digit SIC industries and are often averaged over the past five years.	Sample period 1984-2006 for the main asset-illiquidity/cost-of-capital tests; measures use three-digit SIC industries and are often averaged over the past five years.			Annual quintiles by real-asset illiquidity for univariate tests; standardized variables in regressions. Equal-weighted and value-weighted average implied-cost-of-capital portfolios in univariate tests; regression-based main evidence. Annual. N/A; expected cost-of-capital tests, not realized-return holding-period portfolios.	Annual quintiles by real-asset illiquidity for univariate tests; standardized variables in regressions. Equal-weighted and value-weighted average implied-cost-of-capital portfolios in univariate tests; regression-based main evidence. Annual. N/A; expected cost-of-capital tests, not realized-return holding-period portfolios.	not-simple	papers/ortiz-molina-2014/ortiz-molina-2014-publisher.pdf		https://doi.org/10.1017/S0022109014000210	论文只给出最接近口径，与项目指标不完全相同。	The paper provides the closest available measure; it is not identical to the project signal.
ato	soliman-2008	original_paper	The Use of DuPont Analysis by Market Participants	2008	\(\displaystyle \mathrm{ATO}_{i,t}=\frac{\mathrm{SALE}_{i,t}}{(\mathrm{NOA}_{i,t}+\mathrm{NOA}_{i,t-1})/2}\)	ATO = sales divided by average net operating assets	paper_definition	ATO = sales divided by average net operating assets	38,716 firm-years from 1984-2002; financial firms and observations lacking I/B/E/S, Compustat, or CRSP data are excluded.	38,716 firm-years from 1984-2002; financial firms and observations lacking I/B/E/S, Compustat, or CRSP data are excluded.			Annual decile ranks in the future-return regressions. N/A; Fama-MacBeth regression evidence rather than a standalone level-ATO portfolio. annual One-year future market-adjusted return beginning four months after fiscal year-end.	Annual decile ranks in the future-return regressions. N/A; Fama-MacBeth regression evidence rather than a standalone level-ATO portfolio. annual One-year future market-adjusted return beginning four months after fiscal year-end.	not-simple	papers/soliman-2008/soliman-2008-publisher.pdf		https://onlinelibrary.wiley.com/doi/abs/10.2308/accr.2008.83.3.823	按论文变量定义转写。	Transcribed from the paper's variable definition.
baspread	amihud-1989	original_paper	The Effects of Beta, Bid-Ask Spread, Residual Risk, and Size on Stock Returns	1989	\(\displaystyle \mathrm{Spread}_{i,t}=\frac{\mathrm{ASK}_{i,t}-\mathrm{BID}_{i,t}}{(\mathrm{ASK}_{i,t}+\mathrm{BID}_{i,t})/2}\)	bid-ask percentage spread	paper_definition	bid-ask percentage spread	Beta is estimated over the prior 60 months; bid-ask spread is measured from the data in the year just preceding year n; the portfolio returns are reported for 1961-1980.	Beta is estimated over the prior 60 months; bid-ask spread is measured from the data in the year just preceding year n; the portfolio returns are reported for 1961-1980.			7 spread groups x 7 beta groups; the cited passage does not report numeric cutpoints. Equal portfolios / equal-weighted portfolio excess returns. Annual. One year.	7 spread groups x 7 beta groups; the cited passage does not report numeric cutpoints. Equal portfolios / equal-weighted portfolio excess returns. Annual. One year.	N/A	papers/amihud-1989/amihud-mendelson-1989-jstor.pdf		https://doi.org/10.1111/j.1540-6261.1989.tb05067.x	按论文变量定义转写。	Transcribed from the paper's variable definition.
beta	fama-1973	original_paper	Risk, Return, and Equilibrium: Empirical Tests	1973	\(\displaystyle \beta_i=\frac{\operatorname{Cov}(R_i,R_m)}{\operatorname{Var}(R_m)}\)	estimated market beta, cov(Ri,Rm) / var(Rm), using Fisher's equally weighted NYSE return index	paper_definition	estimated market beta, cov(Ri,Rm) / var(Rm), using Fisher's equally weighted NYSE return index	Nine predictive formation/estimation/test sequences spanning 1926-June 1968; typically seven formation years, five initial estimation years, and four test years.	Nine predictive formation/estimation/test sequences spanning 1926-June 1968; typically seven formation years, five initial estimation years, and four test years.			Twenty beta-ranked portfolios with approximately equal security counts; first is lowest beta and last is highest beta. Equal-weighted individual-security returns within each portfolio each month. Portfolios are reformed at four-year test-period intervals; component betas update annually and portfolio betas update monthly for delistings. Monthly returns during each subsequent test window.	Twenty beta-ranked portfolios with approximately equal security counts; first is lowest beta and last is highest beta. Equal-weighted individual-security returns within each portfolio each month. Portfolios are reformed at four-year test-period intervals; component betas update annually and portfolio betas update monthly for delistings. Monthly returns during each subsequent test window.	not-simple	papers/fama-1973/fama-1973-publisher.pdf		https://www.journals.uchicago.edu/doi/10.1086/260061	按论文变量定义转写。	Transcribed from the paper's variable definition.
bm	rosenberg-1985	original_paper	Persuasive evidence of market inefficiency	1985	\(\displaystyle \mathrm{BM}_{i,t}=\frac{\mathrm{BookEquity}_{i,t}}{\mathrm{MarketEquity}_{i,t}}\)	book-to-price ratio	paper_definition	book-to-price ratio	HICAP universe of approximately 1,400 large Compustat companies; monthly data from January 1973-March 1980 for the retrospective B/P test and April 1980-September 1984 for the prospective evaluation.	HICAP universe of approximately 1,400 large Compustat companies; monthly data from January 1973-March 1980 for the retrospective B/P test and April 1980-September 1984 for the prospective evaluation.			No quantile breakpoint; the weighted book/price exposure is fixed at one cross-sectional standard deviation above the capitalization-weighted market mean. Optimized positive and negative zero-investment weights, industry-neutral and orthogonal to eleven risk indexes and the companion strategy. Monthly weights; less than 5% monthly turnover. Monthly returns; high-book/price holdings tend to remain in the strategy for more than one year.	No quantile breakpoint; the weighted book/price exposure is fixed at one cross-sectional standard deviation above the capitalization-weighted market mean. Optimized positive and negative zero-investment weights, industry-neutral and orthogonal to eleven risk indexes and the companion strategy. Monthly weights; less than 5% monthly turnover. Monthly returns; high-book/price holdings tend to remain in the strategy for more than one year.	not-simple	papers/rosenberg-1985/rosenberg-1985-publisher.pdf		https://doi.org/10.3905/jpm.1985.409007	按论文变量定义转写。	Transcribed from the paper's variable definition.
bm_ia	asness-2000	original_paper	Predicting Stock Returns Using Industry-Relative Firm Characteristics	2000	\(\displaystyle \mathrm{BM\_IA}_{i,t}=\mathrm{BM}_{i,t}-\overline{\mathrm{BM}_{t}}_{\,\mathrm{industry}(i)}\)	industry-adjusted book-to-market	paper_definition	industry-adjusted book-to-market	Annual Compustat and CRSP data; the later formal appendix records annual frequency.	Annual Compustat and CRSP data; the later formal appendix records annual frequency.			Industry demeaning; no standalone portfolio cutoffs are reported in the formal cross-check. Not reported. Annual. Not reported.	Industry demeaning; no standalone portfolio cutoffs are reported in the formal cross-check. Not reported. Annual. Not reported.	N/A			https://papers.ssrn.com/sol3/papers.cfm?abstract_id=213872	按论文变量定义转写。	Transcribed from the paper's variable definition.
cash	lakonishok-1994	original_paper	Contrarian Investment, Extrapolation, and Risk	1994	\(\displaystyle \mathrm{CFP}_{i,t}=\frac{\mathrm{Earnings}_{i,t}+\mathrm{Depreciation}_{i,t}}{\mathrm{MarketValue}_{i,t}}\)	Cash holdings	closest_paper_measure	Cash holdings	NYSE and AMEX, portfolios formed annually at the end of April from 1968 with up to five post-formation years; this sample description applies to the paper, not to a cash-holdings sort.	NYSE and AMEX, portfolios formed annually at the end of April from 1968 with up to five post-formation years; this sample description applies to the paper, not to a cash-holdings sort.			N/A; no matching cash-holdings sort. N/A. N/A. N/A.	N/A; no matching cash-holdings sort. N/A. N/A. N/A.	N/A	papers/lakonishok-1994/lakonishok-1994-publisher.pdf		https://doi.org/10.1111/j.1540-6261.1994.tb04772.x	论文只给出最接近口径，与项目指标不完全相同。	The paper provides the closest available measure; it is not identical to the project signal.
cashdebt	ou-1989	original_paper	Financial statement analysis and the prediction of stock returns	1989	\(\displaystyle \mathrm{CashDebt}_{i,t}=\frac{\mathrm{CashFlow}_{i,t}}{\mathrm{DLC}_{i,t}+\mathrm{DLTT}_{i,t}}\)	Cash flow to total debt	paper_definition	Cash flow to total debt	Descriptors are estimated on 1965-1972 or 1973-1977 data; annual positions are formed for 1973-1983 three months after fiscal year-end.	Descriptors are estimated on 1965-1972 or 1973-1977 data; annual positions are formed for 1973-1983 three months after fiscal year-end.			The published portfolio cutoffs apply to composite Pr (>0.6 versus <=0.4), not to cashdebt. Mean monthly returns on each composite position; the reported hedge is the zero-investment difference between the two sides. Annual overlapping formation with monthly portfolio rebalancing in the cumulative-return calculation. 24 months.	The published portfolio cutoffs apply to composite Pr (>0.6 versus <=0.4), not to cashdebt. Mean monthly returns on each composite position; the reported hedge is the zero-investment difference between the two sides. Annual overlapping formation with monthly portfolio rebalancing in the cumulative-return calculation. 24 months.	not-simple	papers/ou-1989/ou-1989.pdf		https://doi.org/10.1016/0165-4101(89)90017-7	按论文变量定义转写。	Transcribed from the paper's variable definition.
cashpr	chandrashekar-2009	original_paper	The Productivity of Corporate Cash Holdings and the Cross-Section of Expected Stock Returns	2009	\(\displaystyle \eta_{i,t}=\frac{\mathrm{MarketValueOfFirm}_{i,t}-\mathrm{AT}_{i,t}}{\mathrm{CHE}_{i,t}}\)	cash productivity	paper_definition	cash productivity	Rao et al. use CRSP/Compustat data from 1963-2010, form portfolios at each month-end, and lag annual accounting variables by at least four months.	Rao et al. use CRSP/Compustat data from 1963-2010, form portfolios at each month-end, and lag annual accounting variables by at least four months.			Ten deciles ranked by scaled cash C. Equal-weighted and value-weighted returns are reported. Monthly. One month.	Ten deciles ranked by scaled cash C. Equal-weighted and value-weighted returns are reported. Monthly. One month.	L-H			https://doi.org/10.2139/ssrn.1334162	按论文变量定义转写。	Transcribed from the paper's variable definition.
cfp	lakonishok-1994	original_paper	Contrarian Investment, Extrapolation, and Risk	1994	\(\displaystyle \mathrm{CFP}_{i,t}=\frac{\mathrm{Earnings}_{i,t}+\mathrm{Depreciation}_{i,t}}{\mathrm{MarketValue}_{i,t}}\)	Cash flow to price (C/P), with cash flow defined as earnings plus depreciation	paper_definition	Cash flow to price (C/P), with cash flow defined as earnings plus depreciation	NYSE and AMEX; annual end-of-April formations beginning in 1968; accounting data from COMPUSTAT and returns from CRSP; performance examined for five years.	NYSE and AMEX; annual end-of-April formations beginning in 1968; accounting data from COMPUSTAT and returns from CRSP; performance examined for five years.			Deciles on positive C/P; high C/P is decile 10 and low C/P is decile 1. Equal-weighted within portfolios; raw and size-adjusted returns are reported. Annual formation and annual rebalancing. One through five post-formation years.	Deciles on positive C/P; high C/P is decile 10 and low C/P is decile 1. Equal-weighted within portfolios; raw and size-adjusted returns are reported. Annual formation and annual rebalancing. One through five post-formation years.	H-L	papers/lakonishok-1994/lakonishok-1994-publisher.pdf		https://doi.org/10.1111/j.1540-6261.1994.tb04772.x	按论文变量定义转写。	Transcribed from the paper's variable definition.
cfp_ia	asness-2000	original_paper	Predicting Stock Returns Using Industry-Relative Firm Characteristics	2000	\(\displaystyle \mathrm{CFP\_IA}_{i,t}=\mathrm{CFP}_{i,t}-\overline{\mathrm{CFP}_{t}}_{\,\mathrm{industry}(i)}\)	industry-adjusted cash flow-to-price ratio	paper_definition	industry-adjusted cash flow-to-price ratio	Annual Compustat data; the later formal appendix records annual frequency.	Annual Compustat data; the later formal appendix records annual frequency.			Industry demeaning; no standalone portfolio cutoffs are reported in the formal cross-check. Not reported. Annual. Not reported.	Industry demeaning; no standalone portfolio cutoffs are reported in the formal cross-check. Not reported. Annual. Not reported.	N/A			https://papers.ssrn.com/sol3/papers.cfm?abstract_id=213872	按论文变量定义转写。	Transcribed from the paper's variable definition.
chatoia	soliman-2008	original_paper	The Use of DuPont Analysis by Market Participants	2008	\(\displaystyle \Delta\mathrm{ATO}_{i,t}=\mathrm{ATO}_{i,t}-\mathrm{ATO}_{i,t-1}\)	repository signal is industry-adjusted change in asset turnover; closest paper variable is unadjusted ΔATO = ATO(t) - ATO(t-1)	closest_paper_measure	repository signal is industry-adjusted change in asset turnover; closest paper variable is unadjusted ΔATO = ATO(t) - ATO(t-1)	38,716 firm-years from 1984-2002; future returns begin four months after fiscal year-end.	38,716 firm-years from 1984-2002; future returns begin four months after fiscal year-end.			Annual deciles numbered 0-9 for the paper's unadjusted ΔATO. Regression-implied top-minus-bottom decile hedge; underlying future returns are compounded buy-and-hold market-adjusted returns. annual One year.	Annual deciles numbered 0-9 for the paper's unadjusted ΔATO. Regression-implied top-minus-bottom decile hedge; underlying future returns are compounded buy-and-hold market-adjusted returns. annual One year.	not-simple	papers/soliman-2008/soliman-2008-publisher.pdf		https://onlinelibrary.wiley.com/doi/abs/10.2308/accr.2008.83.3.823	论文只给出最接近口径，与项目指标不完全相同。	The paper provides the closest available measure; it is not identical to the project signal.
chcsho	pontiff-2008	original_paper	Share Issuance and Cross-sectional Returns	2008	\(\displaystyle \mathrm{ISSUE}_{i,t:t-11}=\ln(\mathrm{SplitAdjustedShares}_{i,t})-\ln(\mathrm{SplitAdjustedShares}_{i,t-11})\)	ISSUE(t,t-11) = ln(split-adjusted shares outstanding at t) - ln(split-adjusted shares outstanding at t-11)	paper_definition	ISSUE(t,t-11) = ln(split-adjusted shares outstanding at t) - ln(split-adjusted shares outstanding at t-11)	The primary sample contains monthly CRSP observations from January 1970-December 2003; an out-of-sample test covers September 1932-December 1969.	The primary sample contains monthly CRSP observations from January 1970-December 2003; an out-of-sample test covers September 1932-December 1969.			N/A; predictive cross-sectional regressions rather than portfolio sorts. N/A; no standalone hedge portfolio. monthly regressions with a rolling annual signal One month, six months, one year, second-year annual, and third-year annual holding-period dependent variables.	N/A; predictive cross-sectional regressions rather than portfolio sorts. N/A; no standalone hedge portfolio. monthly regressions with a rolling annual signal One month, six months, one year, second-year annual, and third-year annual holding-period dependent variables.	not-simple	papers/pontiff-2008/pontiff-2008-publisher.pdf		https://onlinelibrary.wiley.com/doi/abs/10.1111/j.1540-6261.2008.01335.x	按论文变量定义转写。	Transcribed from the paper's variable definition.
chempia	asness-2000	original_paper	Predicting Stock Returns Using Industry-Relative Firm Characteristics	2000	\(\displaystyle \mathrm{CHEMPIA}_{i,t}=\Delta\mathrm{EMP}_{i,t}-\overline{\Delta\mathrm{EMP}_{t}}_{\,\mathrm{industry}(i)}\)	industry-adjusted change in employees	paper_definition	industry-adjusted change in employees	Annual Compustat data; the later formal appendix records annual frequency.	Annual Compustat data; the later formal appendix records annual frequency.			Industry demeaning; no standalone portfolio cutoffs are reported in the formal cross-check. Not reported. Annual. Not reported.	Industry demeaning; no standalone portfolio cutoffs are reported in the formal cross-check. Not reported. Annual. Not reported.	N/A			https://papers.ssrn.com/sol3/papers.cfm?abstract_id=213872	按论文变量定义转写。	Transcribed from the paper's variable definition.
chinv	thomas-2002	original_paper	Inventory Changes and Future Returns	2002	\(\displaystyle \mathrm{CHINV}_{i,t}=\frac{\mathrm{INVT}_{i,t}-\mathrm{INVT}_{i,t-1}}{(\mathrm{AT}_{i,t}+\mathrm{AT}_{i,t-1})/2}\)	change in total inventory	paper_definition	change in total inventory	Annual Compustat/CRSP sample; 28 annual hedge returns; future return window begins four months after the inventory-change fiscal year-end.	Annual Compustat/CRSP sample; 28 annual hedge returns; future return window begins four months after the inventory-change fiscal year-end.			Annual deciles based on each year's inventory-change distribution. Buy-and-hold stock returns adjusted by the value-weighted return of the corresponding CRSP size-decile portfolio. Annual. 12 months, beginning four months after fiscal year-end.	Annual deciles based on each year's inventory-change distribution. Buy-and-hold stock returns adjusted by the value-weighted return of the corresponding CRSP size-decile portfolio. Annual. 12 months, beginning four months after fiscal year-end.	L-H	papers/thomas-2002/thomas-2002-publisher.pdf		https://doi.org/10.1023/A:1020221918065	按论文变量定义转写。	Transcribed from the paper's variable definition.
chmom	gettleman-2006	original_paper	Acceleration Strategies	2006	\(\displaystyle \mathrm{CHMOM}_{i,t}=\left[\prod_{\tau=t-6}^{t-1}(1+R_{i,\tau})-1\right]-\left[\prod_{\tau=t-12}^{t-7}(1+R_{i,\tau})-1\right]\)	change in 6-month momentum	paper_definition	change in 6-month momentum	月频；最近六个月（t−6 至 t−1）的累计收益减去此前六个月（t−12 至 t−7）的累计收益。	Monthly; cumulative return over t−6 to t−1 minus cumulative return over t−12 to t−7.	不适用；该特征仅使用月度收益。	Not applicable; the characteristic uses monthly returns only.	当期资料支持做多高价格加速度、做空低价格加速度；原始论文的精确断点、加权与独立组合持有期尚未由原文核实。	Contemporaneous evidence supports long high price acceleration and short low price acceleration; exact original breakpoints, weighting, and standalone holding period remain unverified from the primary paper.	H-L			https://papers.ssrn.com/sol3/papers.cfm?abstract_id=802724	正式发表的附录材料核实了相邻两个六个月窗口的差值。CIZ 明确未纳入该工作论文信号；HXZ 与 JKP 均未提供完全相同的差值因子。	Published appendices verify the difference between adjacent six-month windows. CIZ explicitly omits the working-paper signal; neither HXZ nor JKP provides the identical difference factor.
chpmia	soliman-2008	original_paper	The Use of DuPont Analysis by Market Participants	2008	\(\displaystyle \Delta\mathrm{PM}_{i,t}=\mathrm{PM}_{i,t}-\mathrm{PM}_{i,t-1}\)	repository signal is industry-adjusted change in profit margin; closest paper variable is unadjusted ΔPM = PM(t) - PM(t-1)	closest_paper_measure	repository signal is industry-adjusted change in profit margin; closest paper variable is unadjusted ΔPM = PM(t) - PM(t-1)	38,716 firm-years from 1984-2002; future returns begin four months after fiscal year-end.	38,716 firm-years from 1984-2002; future returns begin four months after fiscal year-end.			Annual decile ranks for the paper's unadjusted ΔPM. N/A; regression evidence does not establish a matching industry-adjusted traded spread. annual One year.	Annual decile ranks for the paper's unadjusted ΔPM. N/A; regression evidence does not establish a matching industry-adjusted traded spread. annual One year.	not-simple	papers/soliman-2008/soliman-2008-publisher.pdf		https://onlinelibrary.wiley.com/doi/abs/10.2308/accr.2008.83.3.823	论文只给出最接近口径，与项目指标不完全相同。	The paper provides the closest available measure; it is not identical to the project signal.
chtx	thomas-2011	original_paper	Tax Expense Momentum	2011	\(\displaystyle \mathrm{CHTX}_{i,q}=\Delta_4\mathrm{TaxExpense}_{i,q}\)	change in tax expense	paper_definition	change in tax expense	Quarterly tax-expense surprise with a next-quarter follow-through.	Quarterly tax-expense surprise with a next-quarter follow-through.			D10 vs D1 decile portfolios. Equal-weighted hedge quarterly next quarter / delayed response window	D10 vs D1 decile portfolios. Equal-weighted hedge quarterly next quarter / delayed response window	H-L	papers/thomas-2011/thomas-zhang-2011-jstor.pdf		https://onlinelibrary.wiley.com/doi/full/10.1111/j.1475-679X.2011.00409.x	按论文变量定义转写。	Transcribed from the paper's variable definition.
cinvest	titman-2004	original_paper	Capital Investments and Stock Returns	2004	\(\displaystyle \mathrm{CI}_{i,t}=\frac{\mathrm{CE}_{i,t-1}}{\left(\mathrm{CE}_{i,t-2}+\mathrm{CE}_{i,t-3}+\mathrm{CE}_{i,t-4}\right)/3}-1,\qquad \mathrm{CE}=\frac{\mathrm{CAPX}}{\mathrm{SALE}}\)	abnormal capital investment CI = CE(t-1) / average[CE(t-2), CE(t-3), CE(t-4)] - 1, where CE is capex scaled by sales	paper_definition	abnormal capital investment CI = CE(t-1) / average[CE(t-2), CE(t-3), CE(t-4)] - 1, where CE is capex scaled by sales	CI uses fiscal-year t-1 accounting data; returns from July of year t to June of year t+1; sample return period July 1973-June 1996.	CI uses fiscal-year t-1 accounting data; returns from July of year t to June of year t+1; sample return period July 1973-June 1996.			CI quintiles in ascending order. Value-weighted excess monthly returns; CI-spread has one-dollar long low-CI and one-dollar short high-CI. Annual. 12 months for year-one returns; paper also reports first through fifth post-formation years and five-year cumulative returns.	CI quintiles in ascending order. Value-weighted excess monthly returns; CI-spread has one-dollar long low-CI and one-dollar short high-CI. Annual. 12 months for year-one returns; paper also reports first through fifth post-formation years and five-year cumulative returns.	L-H	papers/titman-2004/titman-2004-publisher.pdf		https://www.cambridge.org/core/journals/journal-of-financial-and-quantitative-analysis/article/abs/capital-investments-and-stock-returns/2C5E2AD6BEBB31D61A126FC4AB6FBFA2	按论文变量定义转写。	Transcribed from the paper's variable definition.
convind	valta-2016	original_paper	Strategic Default, Debt Structure, and Stock Returns	2016	\(\displaystyle \mathrm{ConvertibleDebtShare}_{i,t}=\frac{\mathrm{ConvertibleDebt}_{i,t}}{\mathrm{TotalDebt}_{i,t}}\)	no paper indicator; closest priced variable is convertible debt / total debt	closest_paper_measure	no paper indicator; closest priced variable is convertible debt / total debt	U.S. CRSP/Compustat/Thomson sample, 1985-2012; fiscal year-ends in calendar t-1 are matched to July t through June t+1 returns; portfolios form monthly.	U.S. CRSP/Compustat/Thomson sample, 1985-2012; fiscal year-ends in calendar t-1 are matched to July t through June t+1 returns; portfolios form monthly.			Five monthly quantiles among firms with convertible debt outstanding; no return-sort breakpoint for the repo binary indicator was found. Individual-stock quantile alphas and equal- and value-weighted monthly portfolio returns. Monthly. One month, with annual accounting data on July-to-June timing.	Five monthly quantiles among firms with convertible debt outstanding; no return-sort breakpoint for the repo binary indicator was found. Individual-stock quantile alphas and equal- and value-weighted monthly portfolio returns. Monthly. One month, with annual accounting data on July-to-June timing.	not-simple	papers/valta-2016/valta-2016-publisher.pdf		https://www.cambridge.org/core/journals/journal-of-financial-and-quantitative-analysis/article/abs/strategic-default-debt-structure-and-stock-returns/E68AD030B31B9D4E20BDA3B7EA881040	论文只给出最接近口径，与项目指标不完全相同。	The paper provides the closest available measure; it is not identical to the project signal.
currat	ou-1989	original_paper	Financial statement analysis and the prediction of stock returns	1989	\(\displaystyle \mathrm{CurrentRatio}_{i,t}=\frac{\mathrm{ACT}_{i,t}}{\mathrm{LCT}_{i,t}}\)	Current ratio	paper_definition	Current ratio	Descriptors are estimated on 1965-1972 or 1973-1977 data; annual positions are formed for 1973-1983 three months after fiscal year-end.	Descriptors are estimated on 1965-1972 or 1973-1977 data; annual positions are formed for 1973-1983 three months after fiscal year-end.			The published portfolio cutoffs apply to composite Pr (>0.6 versus <=0.4), not to current ratio. Mean monthly returns on each composite position; the reported hedge is the zero-investment difference between the two sides. Annual overlapping formation with monthly portfolio rebalancing in the cumulative-return calculation. 24 months.	The published portfolio cutoffs apply to composite Pr (>0.6 versus <=0.4), not to current ratio. Mean monthly returns on each composite position; the reported hedge is the zero-investment difference between the two sides. Annual overlapping formation with monthly portfolio rebalancing in the cumulative-return calculation. 24 months.	not-simple	papers/ou-1989/ou-1989.pdf		https://doi.org/10.1016/0165-4101(89)90017-7	按论文变量定义转写。	Transcribed from the paper's variable definition.
depr	holthausen-1992	original_paper	The prediction of stock returns using financial statement information	1992	\(\displaystyle \mathrm{DEPR}_{i,t}=\frac{\mathrm{DP}_{i,t}}{\mathrm{PlantAssets}_{i,t}}\)	depreciation divided by plant assets	paper_definition	depreciation divided by plant assets	Models are estimated separately for NYSE/AMEX and OTC firms on 1973-1977 and 1978-1982 data and tested out of sample through 1988; accounting data are assumed available four months after fiscal year-end.	Models are estimated separately for NYSE/AMEX and OTC firms on 1973-1977 and 1978-1982 data and tested out of sample through 1988; accounting data are assumed available four months after fiscal year-end.			Composite probability-score deciles based on in-sample cutoffs; portfolios 1-3 are long and 8-10 short. No standalone depreciation breakpoint. Pooled equal-weighted observations and an implementable annual weighting scheme are both reported for the composite strategy. Annual signal/portfolio formation. 12 months primarily; 24-, 36-, and 48-month buy-and-hold results also reported.	Composite probability-score deciles based on in-sample cutoffs; portfolios 1-3 are long and 8-10 short. No standalone depreciation breakpoint. Pooled equal-weighted observations and an implementable annual weighting scheme are both reported for the composite strategy. Annual signal/portfolio formation. 12 months primarily; 24-, 36-, and 48-month buy-and-hold results also reported.	not-simple	papers/holthausen-1992/holthausen-1992-publisher.pdf		https://doi.org/10.1016/0165-4101(92)90025-W	按论文变量定义转写。	Transcribed from the paper's variable definition.
divi	michaely-1995	original_paper	Price Reactions to Dividend Initiations and Omissions: Overreaction or Drift?	1995	\(\displaystyle \mathrm{DIVI}_{i,t}=\mathbf{1}\!\left\{\mathrm{Dividend}_{i,t}>0,\ \mathrm{Dividend}_{i,t-1}=0\right\}\)	cash dividend initiation event	paper_definition	cash dividend initiation event	NYSE/AMEX firms initiating cash dividends during 1964-1988; 561 initiation events; event window and post-event returns measured relative to announcement.	NYSE/AMEX firms initiating cash dividends during 1964-1988; 561 initiation events; event window and post-event returns measured relative to announcement.			Event group, not cross-sectional breakpoints. Average excess returns across event firms; naive rule uses equal-dollar long stock position offset by short CRSP equal-weighted index. Event-driven. Three-day event window plus one- and three-year post-event buy-and-hold excess returns; naive rule holds one year / 252 trading days.	Event group, not cross-sectional breakpoints. Average excess returns across event firms; naive rule uses equal-dollar long stock position offset by short CRSP equal-weighted index. Event-driven. Three-day event window plus one- and three-year post-event buy-and-hold excess returns; naive rule holds one year / 252 trading days.	not-simple	papers/michaely-1995/michaely-thaler-womack-1995-jstor.pdf		https://doi.org/10.1111/j.1540-6261.1995.tb04796.x	按论文变量定义转写。	Transcribed from the paper's variable definition.
divo	michaely-1995	original_paper	Price Reactions to Dividend Initiations and Omissions: Overreaction or Drift?	1995	\(\displaystyle \mathrm{DIVO}_{i,t}=\mathbf{1}\!\left\{\mathrm{Dividend}_{i,t}=0,\ \mathrm{Dividend}_{i,t-1}>0\right\}\)	cash dividend omission event	paper_definition	cash dividend omission event	NYSE/AMEX firms with regular cash dividends that omitted payments during 1964-1988; 887 omission events; event window and post-event returns measured relative to announcement.	NYSE/AMEX firms with regular cash dividends that omitted payments during 1964-1988; 887 omission events; event window and post-event returns measured relative to announcement.			Event group, not cross-sectional breakpoints. Average excess returns across event firms; naive rule uses equal-dollar short stock position offset by long CRSP equal-weighted index. Event-driven. Three-day event window plus one- and three-year post-event buy-and-hold excess returns; naive rule holds one year / 252 trading days.	Event group, not cross-sectional breakpoints. Average excess returns across event firms; naive rule uses equal-dollar short stock position offset by long CRSP equal-weighted index. Event-driven. Three-day event window plus one- and three-year post-event buy-and-hold excess returns; naive rule holds one year / 252 trading days.	not-simple	papers/michaely-1995/michaely-thaler-womack-1995-jstor.pdf		https://doi.org/10.1111/j.1540-6261.1995.tb04796.x	按论文变量定义转写。	Transcribed from the paper's variable definition.
dolvol	chordia-2001	original_paper	Trading Activity and Expected Stock Returns	2001	\(\displaystyle \mathrm{DVOL}_{i,t}=\ln\!\left(\mathrm{DollarVolume}_{i,t-2}\right)\)	natural logarithm of dollar trading volume in month t-2	paper_definition	natural logarithm of dollar trading volume in month t-2	NYSE/AMEX common stocks, January 1966-December 1995; monthly characteristics and returns, with DVOL lagged to month t-2.	NYSE/AMEX common stocks, January 1966-December 1995; monthly characteristics and returns, with DVOL lagged to month t-2.			Monthly cross-sectional regression characteristic; no DVOL portfolio breakpoints. Fama-MacBeth and purged regression estimators; no portfolio weights for DVOL. Monthly. One-month return regression.	Monthly cross-sectional regression characteristic; no DVOL portfolio breakpoints. Fama-MacBeth and purged regression estimators; no portfolio weights for DVOL. Monthly. One-month return regression.	not-simple	papers/chordia-2001/chordia-2001-publisher-fulltext.html		https://www.sciencedirect.com/science/article/pii/S0304405X00000805	按论文变量定义转写。	Transcribed from the paper's variable definition.
egr	richardson-2005	original_paper	Accrual reliability, earnings persistence and stock prices	2005	\(\displaystyle \Delta\mathrm{Equity}_{i,t}=\frac{\mathrm{CEQ}_{i,t}-\mathrm{CEQ}_{i,t-1}}{(\mathrm{AT}_{i,t}+\mathrm{AT}_{i,t-1})/2}\)	change in external equity financing (ΔEquity), where book common equity is scaled by average total assets	closest_paper_measure	change in external equity financing (ΔEquity), where book common equity is scaled by average total assets	Annual U.S. firm-year observations, 1962-2001; stock returns are measured over the 12 months beginning four months after fiscal year-end.	Annual U.S. firm-year observations, 1962-2001; stock returns are measured over the 12 months beginning four months after fiscal year-end.			N/A; regression and decomposition evidence rather than an explicit portfolio sort. N/A annual 12 months, beginning four months after fiscal year-end.	N/A; regression and decomposition evidence rather than an explicit portfolio sort. N/A annual 12 months, beginning four months after fiscal year-end.	not-simple	papers/richardson-2005/richardson-2005-publisher-fulltext.html		https://www.sciencedirect.com/science/article/abs/pii/S0165410105000406	论文只给出最接近口径，与项目指标不完全相同。	The paper provides the closest available measure; it is not identical to the project signal.
ep	basu-1977	original_paper	Investment Performance of Common Stocks in Relation to Their Price-Earnings Ratios: A Test of the Efficient Market Hypothesis	1977	\(\displaystyle \mathrm{PE}_{i,t}=\frac{\mathrm{Price}_{i,t}}{\mathrm{EarningsPerShare}_{i,t}}\)	price-to-earnings ratio (P/E)	closest_paper_measure	price-to-earnings ratio (P/E)	P/E is measured on December 31; portfolios are formed the following April 1; returns are computed for the next 12 months.	P/E is measured on December 31; portfolios are formed the following April 1; returns are computed for the next 12 months.			Five portfolios of similar P/E ratios; no numeric breakpoint cutoffs are given in the cited passage. Equal initial investment; buy-and-hold. Annual formation. 12 months.	Five portfolios of similar P/E ratios; no numeric breakpoint cutoffs are given in the cited passage. Equal initial investment; buy-and-hold. Annual formation. 12 months.	N/A	papers/basu-1977/basu-1977-jstor.pdf		https://doi.org/10.1111/j.1540-6261.1977.tb01979.x	论文只给出最接近口径，与项目指标不完全相同。	The paper provides the closest available measure; it is not identical to the project signal.
gma	novy-marx-2013	original_paper	The other side of value: The gross profitability premium	2013	\(\displaystyle \mathrm{GPA}_{i,t}=\frac{\mathrm{REVT}_{i,t}-\mathrm{COGS}_{i,t}}{\mathrm{AT}_{i,t-1}}\)	Gross profits-to-assets, (REVT - COGS) / AT	paper_definition	Gross profits-to-assets, (REVT - COGS) / AT	Compustat data beginning in 1962; accounting data for a fiscal year are used from the following June; returns cover July 1963 through December 2010; financial firms are excluded.	Compustat data beginning in 1962; accounting data for a fiscal year are used from the following June; returns cover July 1963 through December 2010; financial firms are excluded.			NYSE quintiles on gross profits-to-assets. Value-weighted monthly excess returns. Annual, at the end of June. Twelve months until the next June rebalance; the paper also reports a separate monthly high-frequency robustness strategy.	NYSE quintiles on gross profits-to-assets. Value-weighted monthly excess returns. Annual, at the end of June. Twelve months until the next June rebalance; the paper also reports a separate monthly high-frequency robustness strategy.	H-L	papers/novy-marx-2013/novy-marx-2013-authoritative-fulltext.html		https://doi.org/10.1016/j.jfineco.2013.01.003	按论文变量定义转写。	Transcribed from the paper's variable definition.
grcapx	anderson-2006	original_paper	Empirical Evidence on Capital Investment, Growth Options, and Security Returns	2006	\(\displaystyle \mathrm{CEGTH2}_{i,t}=\frac{\mathrm{CAPEX}_{i,t-1}-\mathrm{CAPEX}_{i,t-3}}{\mathrm{CAPEX}_{i,t-3}}\)	capital investment growth (cegth2 = (capexp_t-1 - capexp_t-3) / capexp_t-3)	paper_definition	capital investment growth (cegth2 = (capexp_t-1 - capexp_t-3) / capexp_t-3)	Sample period is 1976-1999 with 36 months of return history before inclusion; the key growth proxy is measured from fiscal year t-3 to t-1.	Sample period is 1976-1999 with 36 months of return history before inclusion; the key growth proxy is measured from fiscal year t-3 to t-1.			Five quintiles; no numeric breakpoint cutoffs are stated in the cited passage. Value-weighted in panels C/E; Fama-French methodology is used. Annual formation at end of June; monthly return measurement thereafter. 12 months.	Five quintiles; no numeric breakpoint cutoffs are stated in the cited passage. Value-weighted in panels C/E; Fama-French methodology is used. Annual formation at end of June; monthly return measurement thereafter. 12 months.	N/A	papers/anderson-2006/anderson-garcia-feijoo-2006-jstor.pdf		https://doi.org/10.1111/j.1540-6261.2006.00833.x	按论文变量定义转写。	Transcribed from the paper's variable definition.
grltnoa	fairfield-2003	original_paper	The Differential Persistence of Accruals and Cash Flows for Future Operating Income versus Future Profitability	2003	\(\displaystyle \mathrm{GrNOA}_{i,t}=\frac{\mathrm{NOA}_{i,t}}{\mathrm{NOA}_{i,t-1}}\)	GrNOA = net operating assets at fiscal year t divided by net operating assets at fiscal year t-1	paper_definition	GrNOA = net operating assets at fiscal year t divided by net operating assets at fiscal year t-1	Compustat observations with December fiscal year-ends from 1963-2001; annual accounting regressions and GrNOA-ranked subsamples.	Compustat observations with December fiscal year-ends from 1963-2001; annual accounting regressions and GrNOA-ranked subsamples.			Annual deciles ranked by growth in net operating assets for regression analysis. N/A; no return portfolio. Annual. N/A; accounting persistence tests.	Annual deciles ranked by growth in net operating assets for regression analysis. N/A; no return portfolio. Annual. N/A; accounting persistence tests.	N/A	papers/fairfield-2003/fairfield-2003-publisher.pdf		https://doi.org/10.1023/A:1024413412176	按论文变量定义转写。	Transcribed from the paper's variable definition.
herf	hou-2006	original_paper	Industry Concentration and Average Stock Returns	2006	\(\displaystyle H_{j,t}=\frac{1}{3}\sum_{\tau=t-2}^{t}\sum_{i\in j}\left(\frac{\mathrm{SALE}_{i,\tau}}{\sum_{k\in j}\mathrm{SALE}_{k,\tau}}\right)^2\)	H(Sales) = sum of squared firm sales shares within each three-digit SIC industry, averaged over the prior 3 years	paper_definition	H(Sales) = sum of squared firm sales shares within each three-digit SIC industry, averaged over the prior 3 years	The CRSP/Compustat sample covers July 1963-December 2001; fiscal-year t-1 accounting information is matched to July t-June t+1 returns.	The CRSP/Compustat sample covers July 1963-December 2001; fiscal-year t-1 accounting information is matched to July t-June t+1 returns.			In June each year, three-digit SIC industries are sorted into H(Sales) quintiles. Firm-level tests equally weight firms within each concentration portfolio; industry-level tests first form industry portfolios and then equally weight industries within each quintile. annual 12 months, July through June.	In June each year, three-digit SIC industries are sorted into H(Sales) quintiles. Firm-level tests equally weight firms within each concentration portfolio; industry-level tests first form industry portfolios and then equally weight industries within each quintile. annual 12 months, July through June.	H-L	papers/hou-2006/hou-2006-publisher.pdf		https://doi.org/10.1111/j.1540-6261.2006.00893.x	按论文变量定义转写。	Transcribed from the paper's variable definition.
hire	bazdresch-2014	original_paper	Labor Hiring, Investment, and Stock Return Predictability in the Cross Section	2014	\(\displaystyle \mathrm{HN}_{i,t}=\frac{\mathrm{EMP}_{i,t}-\mathrm{EMP}_{i,t-1}}{0.5\left(\mathrm{EMP}_{i,t-1}+\mathrm{EMP}_{i,t}\right)}\)	HN(t) = [employees(t) - employees(t-1)] / [0.5 × (employees(t-1) + employees(t))]	paper_definition	HN(t) = [employees(t) - employees(t-1)] / [0.5 × (employees(t-1) + employees(t))]	NYSE/AMEX/NASDAQ common stocks, July 1965-June 2010; December-fiscal-year firms; at the end of June t, hiring measured at the end of t-1 predicts returns from July t through June t+1.	NYSE/AMEX/NASDAQ common stocks, July 1965-June 2010; December-fiscal-year firms; at the end of June t, hiring measured at the end of t-1 predicts returns from July t through June t+1.			Deciles of the hiring-rate distribution among all but microcap firms; the resulting breakpoints are applied to the full universe. Equal-weighted and value-weighted portfolio returns are both reported; the main L2H spread is 10.4% per year equal-weighted and 5.6% value-weighted. annual 12 months, July through June.	Deciles of the hiring-rate distribution among all but microcap firms; the resulting breakpoints are applied to the full universe. Equal-weighted and value-weighted portfolio returns are both reported; the main L2H spread is 10.4% per year equal-weighted and 5.6% value-weighted. annual 12 months, July through June.	L-H	papers/bazdresch-2014/bazdresch-2014-publisher.pdf		https://www.journals.uchicago.edu/doi/10.1086/674549	按论文变量定义转写。	Transcribed from the paper's variable definition.
ill	amihud-2002	original_paper	Illiquidity and Stock Returns: Cross-Section and Time-Series Effects	2002	\(\displaystyle \mathrm{ILLIQ}_{i,t}=\frac{1}{D_{i,t}}\sum_{d=1}^{D_{i,t}}\frac{\lvert R_{i,d}\rvert}{\mathrm{DollarVolume}_{i,d}}\)	ILLIQ = average daily absolute return divided by dollar volume	paper_definition	ILLIQ = average daily absolute return divided by dollar volume	Daily stock data; the abstract frames both cross-sectional and time-series tests rather than a single traded portfolio.	Daily stock data; the abstract frames both cross-sectional and time-series tests rather than a single traded portfolio.			Daily ratio averaged over a period; no numeric cutoffs reported in the abstract. Regression-based and time-series tests; no portfolio weights reported in the abstract. N/A N/A	Daily ratio averaged over a period; no numeric cutoffs reported in the abstract. Regression-based and time-series tests; no portfolio weights reported in the abstract. N/A N/A	N/A	papers/amihud-2002/amihud-2002-nyu.pdf		https://www.sciencedirect.com/science/article/pii/S1386418101000246	按论文变量定义转写。	Transcribed from the paper's variable definition.
indmom	moskowitz-1999	original_paper	Do Industries Explain Momentum?	1999	\(\displaystyle \mathrm{INDMOM}_{j,t}=\sum_{i\in j}w^{ME}_{i,t-1}\!\left[\prod_{k=1}^{L}(1+R_{i,t-k})-1\right]\)	lagged industry return	paper_definition	lagged industry return	CRSP/COMPUSTAT; 20 value-weighted industry portfolios formed monthly from July 1963 to July 1995.	CRSP/COMPUSTAT; 20 value-weighted industry portfolios formed monthly from July 1963 to July 1995.			Top three and bottom three industries by past L-month return; table also defines middle three ranks 9-11. Industries are value-weighted internally; winner and loser sides are equal-weighted across selected industries. Monthly. H months; main six-month hold, with H = 1, 6, 12, 24, or 36 months tested.	Top three and bottom three industries by past L-month return; table also defines middle three ranks 9-11. Industries are value-weighted internally; winner and loser sides are equal-weighted across selected industries. Monthly. H months; main six-month hold, with H = 1, 6, 12, 24, or 36 months tested.	H-L	papers/moskowitz-1999/moskowitz-grinblatt-1999-jstor.pdf		https://doi.org/10.1111/0022-1082.00146	按论文变量定义转写。	Transcribed from the paper's variable definition.
invest	lyandres-2008	original_paper	The New Issues Puzzle: Testing the Investment-Based Explanation	2008	\(\displaystyle \mathrm{INVEST}_{i,t}=\frac{\Delta\mathrm{PPEGT}_{i,t}+\Delta\mathrm{INVT}_{i,t}}{\mathrm{AT}_{i,t-1}}\)	capital expenditures and inventory	paper_definition	capital expenditures and inventory	Annual Compustat signal; the published article forms monthly investment-factor returns from low- and high-investment stocks.	Annual Compustat signal; the published article forms monthly investment-factor returns from low- and high-investment stocks.			Independent 30/40/30 sorts on size, book-to-market, and investment-to-assets, producing 27 portfolios. Value-weighted returns within the 27 portfolios; INV averages the nine low-investment portfolios minus the nine high-investment portfolios. Annual accounting signal; portfolios formed each June and factor returns measured monthly. One month.	Independent 30/40/30 sorts on size, book-to-market, and investment-to-assets, producing 27 portfolios. Value-weighted returns within the 27 portfolios; INV averages the nine low-investment portfolios minus the nine high-investment portfolios. Annual accounting signal; portfolios formed each June and factor returns measured monthly. One month.	L-H	papers/lyandres-2008/lyandres-sun-zhang-2008.pdf		https://academic.oup.com/rfs/article/21/6/2825/1574519	按论文变量定义转写。	Transcribed from the paper's variable definition.
lev	bhandari-1988	original_paper	Debt/Equity Ratio and Expected Common Stock Returns: Empirical Evidence	1988	\(\displaystyle \mathrm{LEV}_{i,t}=\frac{\mathrm{AT}_{i,t}-\mathrm{CEQ}_{i,t}}{\mathrm{ME}_{i,t}}\)	(book value of total assets - book value of common equity) / market value of common equity	paper_definition	(book value of total assets - book value of common equity) / market value of common equity	Monthly CRSP returns with COMPUSTAT accounting values; for each test subperiod, LTEQ and DER use latest available prior accounting values and portfolios/variables are updated for each new subperiod.	Monthly CRSP returns with COMPUSTAT accounting values; for each test subperiod, LTEQ and DER use latest available prior accounting values and portfolios/variables are updated for each new subperiod.			Three equal-sized groups on LTEQ, then three on portfolio-formation BETA, then three on DER, yielding 27 portfolios. Equal-weighted stocks within each portfolio; regression/portfolio tests, not a stated long-short portfolio. Updated for each new subperiod; not updated within a subperiod. Monthly test returns within each subperiod.	Three equal-sized groups on LTEQ, then three on portfolio-formation BETA, then three on DER, yielding 27 portfolios. Equal-weighted stocks within each portfolio; regression/portfolio tests, not a stated long-short portfolio. Updated for each new subperiod; not updated within a subperiod. Monthly test returns within each subperiod.	not-simple	papers/bhandari-1988/bhandari-1988-jstor.pdf		https://onlinelibrary.wiley.com/doi/10.1111/j.1540-6261.1988.tb03952.x	按论文变量定义转写。	Transcribed from the paper's variable definition.
lgr	richardson-2005	original_paper	Accrual reliability, earnings persistence and stock prices	2005	\(\displaystyle \Delta\mathrm{FINL}_{i,t}=\frac{\Delta(\mathrm{DLTT}+\mathrm{DLC}+\mathrm{PSTK})_{i,t}}{(\mathrm{AT}_{i,t}+\mathrm{AT}_{i,t-1})/2}\)	change in total financial liabilities (ΔFINL), comprising long-term debt, debt in current liabilities, and preferred stock, scaled by average total assets	closest_paper_measure	change in total financial liabilities (ΔFINL), comprising long-term debt, debt in current liabilities, and preferred stock, scaled by average total assets	Annual U.S. firm-year observations, 1962-2001; stock returns are measured over the 12 months beginning four months after fiscal year-end.	Annual U.S. firm-year observations, 1962-2001; stock returns are measured over the 12 months beginning four months after fiscal year-end.			N/A; regression and decomposition evidence rather than a matching long-term-debt portfolio sort. N/A annual 12 months, beginning four months after fiscal year-end.	N/A; regression and decomposition evidence rather than a matching long-term-debt portfolio sort. N/A annual 12 months, beginning four months after fiscal year-end.	not-simple	papers/richardson-2005/richardson-2005-publisher-fulltext.html		https://www.sciencedirect.com/science/article/abs/pii/S0165410105000406	论文只给出最接近口径，与项目指标不完全相同。	The paper provides the closest available measure; it is not identical to the project signal.
maxret	bali-2011	original_paper	Maxing Out: Stocks as Lotteries and the Cross-Section of Expected Returns	2011	\(\displaystyle \mathrm{MAX}_{i,t}=\max_{d\in t-1}R_{i,d}\)	maximum daily return over the past one month (MAX)	paper_definition	maximum daily return over the past one month (MAX)	Prior one-month daily returns define MAX; portfolio returns are reported for July 1962-Dec 2005.	Prior one-month daily returns define MAX; portfolio returns are reported for July 1962-Dec 2005.			Deciles on MAX. Decile sorts; the abstract reports low-vs-high decile return differences rather than a specific weighting rule. Monthly. One month.	Deciles on MAX. Decile sorts; the abstract reports low-vs-high decile return differences rather than a specific weighting rule. Monthly. One month.	N/A	papers/bali-2011/bali-2011-publisher-fulltext.html		https://www.sciencedirect.com/science/article/pii/S0304405X1000190X	按论文变量定义转写。	Transcribed from the paper's variable definition.
me	banz-1981	original_paper	The Relationship between Return and Market Value of Common Stocks	1981	\(\displaystyle \mathrm{ME}_{i,t}=\mathrm{Price}_{i,t}\times\mathrm{Shares}_{i,t}\)	market equity = stock price times shares outstanding	paper_definition	market equity = stock price times shares outstanding	All NYSE common stocks with at least five years of data during 1926-1975; the explicit arbitrage table covers 1931-1975.	All NYSE common stocks with at least five years of data during 1926-1975; the explicit arbitrage table covers 1931-1975.			Extreme size portfolios containing the 10, 20, or 50 smallest and largest firms at the beginning of each year. Equal-weighted within each leg; legs are levered or unlevered to equal beta and form a zero-net-investment, zero-beta spread. Annual constituent selection with monthly rebalancing. Five years.	Extreme size portfolios containing the 10, 20, or 50 smallest and largest firms at the beginning of each year. Equal-weighted within each leg; legs are levered or unlevered to equal beta and form a zero-net-investment, zero-beta spread. Annual constituent selection with monthly rebalancing. Five years.	L-H	papers/banz-1981/banz-1981-publisher.pdf		https://doi.org/10.1016/0304-405X(81)90018-0	按论文变量定义转写。	Transcribed from the paper's variable definition.
me_ia	asness-2000	original_paper	Predicting Stock Returns Using Industry-Relative Firm Characteristics	2000	\(\displaystyle \mathrm{ME\_IA}_{i,t}=\mathrm{ME}_{i,t}-\overline{\mathrm{ME}_{t}}_{\,\mathrm{industry}(i)}\)	industry-adjusted size	paper_definition	industry-adjusted size	Annual Compustat data; the later formal appendix records annual frequency.	Annual Compustat data; the later formal appendix records annual frequency.			Industry demeaning; no standalone portfolio cutoffs are reported in the formal cross-check. Not reported. Annual. Not reported.	Industry demeaning; no standalone portfolio cutoffs are reported in the formal cross-check. Not reported. Annual. Not reported.	N/A			https://papers.ssrn.com/sol3/papers.cfm?abstract_id=213872	按论文变量定义转写。	Transcribed from the paper's variable definition.
mom12m	jegadeesh-1990	original_paper	Evidence of Predictable Behavior of Security Returns	1990	\(\displaystyle \mathrm{S12}_{i,t}=R_{i,t-12}\)	twelve-month lagged stock return	closest_paper_measure	twelve-month lagged stock return	CRSP monthly returns; portfolio formation January 1934-1987; parameters and portfolios updated monthly.	CRSP monthly returns; portfolio formation January 1934-1987; parameters and portfolios updated monthly.			Monthly deciles; P1 is highest twelve-month lagged return, P10 is lowest. Equal weight within each decile; P1-P10 zero-net-investment spread reported. Monthly. One month.	Monthly deciles; P1 is highest twelve-month lagged return, P10 is lowest. Equal weight within each decile; P1-P10 zero-net-investment spread reported. Monthly. One month.	H-L	papers/jegadeesh-1990/jegadeesh-1990-jstor.pdf		https://doi.org/10.1111/j.1540-6261.1990.tb05110.x	论文只给出最接近口径，与项目指标不完全相同。	The paper provides the closest available measure; it is not identical to the project signal.
mom1m	jegadeesh-1993	original_paper	Returns to Buying Winners and Selling Losers: Implications for Stock Market Efficiency	1993	\(\displaystyle \mathrm{MOM}_{i,t}^{(J)}=\prod_{j=1}^{J}(1+R_{i,t-j})-1,\qquad J\in\{3,6,9,12\}\)	EquityChars uses the current one-month return, RET at t	closest_paper_measure	EquityChars uses the current one-month return, RET at t	CRSP sample January 1965-December 1989 for the paper's 3-12 month strategies; not applicable to a one-month signal.	CRSP sample January 1965-December 1989 for the paper's 3-12 month strategies; not applicable to a one-month signal.			N/A; the paper has deciles for J = 3, 6, 9, and 12 months only. N/A for the unmatched signal. N/A for the unmatched signal. N/A for the unmatched signal.	N/A; the paper has deciles for J = 3, 6, 9, and 12 months only. N/A for the unmatched signal. N/A for the unmatched signal. N/A for the unmatched signal.	N/A	papers/jegadeesh-1993/jegadeesh-titman-1993.pdf		https://doi.org/10.1111/j.1540-6261.1993.tb04702.x	论文只给出最接近口径，与项目指标不完全相同。	The paper provides the closest available measure; it is not identical to the project signal.
mom36m	jegadeesh-1993	original_paper	Returns to Buying Winners and Selling Losers: Implications for Stock Market Efficiency	1993	\(\displaystyle \mathrm{MOM}_{i,t}^{(J)}=\prod_{j=1}^{J}(1+R_{i,t-j})-1,\qquad J\in\{3,6,9,12\}\)	EquityChars uses cumulative returns from months t-12 through t-35	closest_paper_measure	EquityChars uses cumulative returns from months t-12 through t-35	CRSP sample January 1965-December 1989 for the paper's 3-12 month strategies; not applicable to a 36-month signal.	CRSP sample January 1965-December 1989 for the paper's 3-12 month strategies; not applicable to a 36-month signal.			N/A; no 36-month formation sort. N/A for the unmatched signal. N/A for the unmatched signal. N/A for the unmatched signal.	N/A; no 36-month formation sort. N/A for the unmatched signal. N/A for the unmatched signal. N/A for the unmatched signal.	N/A	papers/jegadeesh-1993/jegadeesh-titman-1993.pdf		https://doi.org/10.1111/j.1540-6261.1993.tb04702.x	论文只给出最接近口径，与项目指标不完全相同。	The paper provides the closest available measure; it is not identical to the project signal.
mom60m	jegadeesh-1993	original_paper	Returns to Buying Winners and Selling Losers: Implications for Stock Market Efficiency	1993	\(\displaystyle \mathrm{MOM}_{i,t}^{(J)}=\prod_{j=1}^{J}(1+R_{i,t-j})-1,\qquad J\in\{3,6,9,12\}\)	EquityChars uses cumulative returns from months t-12 through t-59	closest_paper_measure	EquityChars uses cumulative returns from months t-12 through t-59	CRSP sample January 1965-December 1989 for the paper's 3-12 month strategies; not applicable to a 60-month signal.	CRSP sample January 1965-December 1989 for the paper's 3-12 month strategies; not applicable to a 60-month signal.			N/A; no 60-month formation sort. N/A for the unmatched signal. N/A for the unmatched signal. N/A for the unmatched signal.	N/A; no 60-month formation sort. N/A for the unmatched signal. N/A for the unmatched signal. N/A for the unmatched signal.	N/A	papers/jegadeesh-1993/jegadeesh-titman-1993.pdf		https://doi.org/10.1111/j.1540-6261.1993.tb04702.x	论文只给出最接近口径，与项目指标不完全相同。	The paper provides the closest available measure; it is not identical to the project signal.
mom6m	jegadeesh-1993	original_paper	Returns to Buying Winners and Selling Losers: Implications for Stock Market Efficiency	1993	\(\displaystyle \mathrm{MOM6}_{i,t}=\prod_{j=1}^{6}(1+R_{i,t-j})-1\)	Past J-month compounded return; the representative strategy uses J = 6 months	paper_definition	Past J-month compounded return; the representative strategy uses J = 6 months	CRSP daily-return file compounded to monthly returns; January 1965-December 1989; stocks need returns over the preceding J months.	CRSP daily-return file compounded to monthly returns; January 1965-December 1989; stocks need returns over the preceding J months.			Ten portfolios ranked ascending on J-month lagged returns; lowest-return decile is sell and highest-return decile is buy. Equal-weighted decile portfolios; the published results use monthly rebalanced returns. Monthly formation and rebalancing with K overlapping cohorts. K = 3, 6, 9, or 12 months; the representative case is 6 months.	Ten portfolios ranked ascending on J-month lagged returns; lowest-return decile is sell and highest-return decile is buy. Equal-weighted decile portfolios; the published results use monthly rebalanced returns. Monthly formation and rebalancing with K overlapping cohorts. K = 3, 6, 9, or 12 months; the representative case is 6 months.	H-L	papers/jegadeesh-1993/jegadeesh-titman-1993.pdf		https://doi.org/10.1111/j.1540-6261.1993.tb04702.x	按论文变量定义转写。	Transcribed from the paper's variable definition.
ni	pontiff-2008	original_paper	Share Issuance and Cross-sectional Returns	2008	\(\displaystyle \mathrm{ISSUE}_{i,t:t-11}=\ln(\mathrm{SplitAdjustedShares}_{i,t})-\ln(\mathrm{SplitAdjustedShares}_{i,t-11})\)	ISSUE(t,t-11) = ln(split-adjusted shares outstanding at t) - ln(split-adjusted shares outstanding at t-11)	closest_paper_measure	ISSUE(t,t-11) = ln(split-adjusted shares outstanding at t) - ln(split-adjusted shares outstanding at t-11)	The primary sample contains monthly CRSP observations from January 1970-December 2003; an out-of-sample test covers September 1932-December 1969.	The primary sample contains monthly CRSP observations from January 1970-December 2003; an out-of-sample test covers September 1932-December 1969.			N/A; predictive cross-sectional regressions rather than portfolio sorts. N/A; no standalone hedge portfolio. monthly regressions with a rolling annual signal One month, six months, one year, second-year annual, and third-year annual holding-period dependent variables.	N/A; predictive cross-sectional regressions rather than portfolio sorts. N/A; no standalone hedge portfolio. monthly regressions with a rolling annual signal One month, six months, one year, second-year annual, and third-year annual holding-period dependent variables.	not-simple	papers/pontiff-2008/pontiff-2008-publisher.pdf		https://onlinelibrary.wiley.com/doi/abs/10.1111/j.1540-6261.2008.01335.x	论文只给出最接近口径，与项目指标不完全相同。	The paper provides the closest available measure; it is not identical to the project signal.
nincr	barth-1999	original_paper	Market Rewards Associated with Patterns of Increasing Earnings	1999	\(\displaystyle \mathrm{NINCR}_{i,t}=\sum_{k=0}^{K-1}\mathbf{1}\!\left(\mathrm{Earnings}_{i,t-k}>\mathrm{Earnings}_{i,t-k-1}\right)\)	repository signal: number of consecutive quarterly earnings increases; paper variable: consecutive annual earnings increases	closest_paper_measure	repository signal: number of consecutive quarterly earnings increases; paper variable: consecutive annual earnings increases	COMPUSTAT/CRSP firm-years from 1982-1992; the return specification uses compound 12-month market-adjusted returns beginning with the fiscal year's first month.	COMPUSTAT/CRSP firm-years from 1982-1992; the return specification uses compound 12-month market-adjusted returns beginning with the fiscal year's first month.			Regression indicators for at least five consecutive annual increases and, in sensitivity tests, one through nine or more years; no portfolio breakpoints. Regression analysis; no portfolio weights. Annual firm-year tests. 12-month market-adjusted return in the return specification; no portfolio holding period.	Regression indicators for at least five consecutive annual increases and, in sensitivity tests, one through nine or more years; no portfolio breakpoints. Regression analysis; no portfolio weights. Annual firm-year tests. 12-month market-adjusted return in the return specification; no portfolio holding period.	not-simple	papers/barth-1999/barth-elliott-finn-1999.pdf		https://www.jstor.org/stable/2491414	论文只给出最接近口径，与项目指标不完全相同。	The paper provides the closest available measure; it is not identical to the project signal.
noa	hirshleifer-2004	original_paper	Do investors overvalue firms with bloated balance sheets?	2004	\(\displaystyle \mathrm{NOA}_{i,t}=\frac{\mathrm{OperatingAssets}_{i,t}-\mathrm{OperatingLiabilities}_{i,t}}{\mathrm{AT}_{i,t-1}}\)	scaled net operating assets = (operating assets - operating liabilities) / lagged total assets	paper_definition	scaled net operating assets = (operating assets - operating liabilities) / lagged total assets	Monthly portfolio formation July 1964-December 2002 using previous fiscal-year NOA; minimum four-month lag between fiscal year-end and portfolio formation/return matching.	Monthly portfolio formation July 1964-December 2002 using previous fiscal-year NOA; minimum four-month lag between fiscal year-end and portfolio formation/return matching.			NOA deciles. Monthly equal-weighted abnormal return within decile; value-weighted variant also reported; benchmark adjustment uses size/book-to-market/momentum matched portfolios. Monthly. Monthly returns; paper reports annual abnormal returns by summing monthly returns and first/second/third-year effects after release.	NOA deciles. Monthly equal-weighted abnormal return within decile; value-weighted variant also reported; benchmark adjustment uses size/book-to-market/momentum matched portfolios. Monthly. Monthly returns; paper reports annual abnormal returns by summing monthly returns and first/second/third-year effects after release.	L-H	papers/hirshleifer-2004/hirshleifer-2004-publisher-fulltext.html		https://doi.org/10.1016/j.jacceco.2004.10.002	按论文变量定义转写。	Transcribed from the paper's variable definition.
op	fama-2015	original_paper	A five-factor asset pricing model	2015	\(\displaystyle \mathrm{OP}_{i,t}=\frac{\mathrm{REVT}_{i,t}-\mathrm{COGS}_{i,t}-\mathrm{XSGA}_{i,t}-\mathrm{XINT}_{i,t}}{\mathrm{BookEquity}_{i,t}}\)	Operating profitability (OP)	paper_definition	Operating profitability (OP)	July 1963-December 2013; accounting data for the fiscal year ending in t-1 are used at the end of June in year t, with monthly factor returns thereafter.	July 1963-December 2013; accounting data for the fiscal year ending in t-1 are used at the end of June in year t, with monthly factor returns thereafter.			NYSE median market cap; 30th and 70th NYSE percentiles for OP. Value-weighted intersection portfolios; the RMW factor equally averages the small and big robust legs and subtracts the corresponding weak legs. Annual June reconstitution. 12 months, measured monthly from July through the following June.	NYSE median market cap; 30th and 70th NYSE percentiles for OP. Value-weighted intersection portfolios; the RMW factor equally averages the small and big robust legs and subtracts the corresponding weak legs. Annual June reconstitution. 12 months, measured monthly from July through the following June.	H-L	papers/fama-2015/fama-2015-authoritative-fulltext.html		https://doi.org/10.1016/j.jfineco.2014.10.010	按论文变量定义转写。	Transcribed from the paper's variable definition.
pchcapx_ia	abarbanell-1998	original_paper	Abnormal Returns to a Fundamental Analysis Strategy	1998	\(\displaystyle g(\mathrm{CAPX}_{i,t})-\overline{g(\mathrm{CAPX}_{t})}_{\,\mathrm{industry}(i)}\)	industry-adjusted % change in capital expenditures	paper_definition	industry-adjusted % change in capital expenditures	Sample 1974-1988 for the main strategy and 1989-1993 for the holdout period; signals are formed from annual accounting data.	Sample 1974-1988 for the main strategy and 1989-1993 for the holdout period; signals are formed from annual accounting data.			Annual decile ranks of the signal, beta, and earnings-change controls. OLS-derived zero-investment weights on [1, RSIGNAL, RBETA, RCEPS]. Annual. 12 months.	Annual decile ranks of the signal, beta, and earnings-change controls. OLS-derived zero-investment weights on [1, RSIGNAL, RBETA, RCEPS]. Annual. 12 months.	not-simple	papers/abarbanell-1998/abarbanell-bushee-1998.pdf		https://www.jstor.org/stable/248340	按论文变量定义转写。	Transcribed from the paper's variable definition.
pchcurrat	ou-1989	original_paper	Financial statement analysis and the prediction of stock returns	1989	\(\displaystyle \mathrm{PCHCURRAT}_{i,t}=\frac{\mathrm{CurrentRatio}_{i,t}-\mathrm{CurrentRatio}_{i,t-1}}{\mathrm{CurrentRatio}_{i,t-1}}\)	Percentage change in current ratio	paper_definition	Percentage change in current ratio	Descriptors are estimated on 1965-1972 or 1973-1977 data; annual positions are formed for 1973-1983 three months after fiscal year-end.	Descriptors are estimated on 1965-1972 or 1973-1977 data; annual positions are formed for 1973-1983 three months after fiscal year-end.			The published portfolio cutoffs apply to composite Pr (>0.6 versus <=0.4), not to pchcurrat. Mean monthly returns on each composite position; the reported hedge is the zero-investment difference between the two sides. Annual overlapping formation with monthly portfolio rebalancing in the cumulative-return calculation. 24 months.	The published portfolio cutoffs apply to composite Pr (>0.6 versus <=0.4), not to pchcurrat. Mean monthly returns on each composite position; the reported hedge is the zero-investment difference between the two sides. Annual overlapping formation with monthly portfolio rebalancing in the cumulative-return calculation. 24 months.	not-simple	papers/ou-1989/ou-1989.pdf		https://doi.org/10.1016/0165-4101(89)90017-7	按论文变量定义转写。	Transcribed from the paper's variable definition.
pchdepr	holthausen-1992	original_paper	The prediction of stock returns using financial statement information	1992	\(\displaystyle \mathrm{PCHDEPR}_{i,t}=\frac{\mathrm{DEPR}_{i,t}-\mathrm{DEPR}_{i,t-1}}{\mathrm{DEPR}_{i,t-1}}\)	percentage change in depreciation divided by plant assets	paper_definition	percentage change in depreciation divided by plant assets	Models are estimated separately for NYSE/AMEX and OTC firms on 1973-1977 and 1978-1982 data and tested out of sample through 1988; accounting data are assumed available four months after fiscal year-end.	Models are estimated separately for NYSE/AMEX and OTC firms on 1973-1977 and 1978-1982 data and tested out of sample through 1988; accounting data are assumed available four months after fiscal year-end.			Composite probability-score deciles based on in-sample cutoffs; portfolios 1-3 are long and 8-10 short. No standalone change-in-depreciation breakpoint. Pooled equal-weighted observations and an implementable annual weighting scheme are both reported for the composite strategy. Annual signal/portfolio formation. 12 months primarily; 24-, 36-, and 48-month buy-and-hold results also reported.	Composite probability-score deciles based on in-sample cutoffs; portfolios 1-3 are long and 8-10 short. No standalone change-in-depreciation breakpoint. Pooled equal-weighted observations and an implementable annual weighting scheme are both reported for the composite strategy. Annual signal/portfolio formation. 12 months primarily; 24-, 36-, and 48-month buy-and-hold results also reported.	not-simple	papers/holthausen-1992/holthausen-1992-publisher.pdf		https://doi.org/10.1016/0165-4101(92)90025-W	按论文变量定义转写。	Transcribed from the paper's variable definition.
pchgm_pchsale	abarbanell-1998	original_paper	Abnormal Returns to a Fundamental Analysis Strategy	1998	\(\displaystyle g(\mathrm{SALE}_{i,t}-\mathrm{COGS}_{i,t})-g(\mathrm{SALE}_{i,t})\)	% change in gross margin - % change in sales	paper_definition	% change in gross margin - % change in sales	Sample 1974-1988 for the main strategy and 1989-1993 for the holdout period; signals are formed from annual accounting data.	Sample 1974-1988 for the main strategy and 1989-1993 for the holdout period; signals are formed from annual accounting data.			Annual decile ranks of the signal, beta, and earnings-change controls. OLS-derived zero-investment weights on [1, RSIGNAL, RBETA, RCEPS]. Annual. 12 months.	Annual decile ranks of the signal, beta, and earnings-change controls. OLS-derived zero-investment weights on [1, RSIGNAL, RBETA, RCEPS]. Annual. 12 months.	not-simple	papers/abarbanell-1998/abarbanell-bushee-1998.pdf		https://www.jstor.org/stable/248340	按论文变量定义转写。	Transcribed from the paper's variable definition.
pchquick	ou-1989	original_paper	Financial statement analysis and the prediction of stock returns	1989	\(\displaystyle \mathrm{PCHQUICK}_{i,t}=\frac{\mathrm{QuickRatio}_{i,t}-\mathrm{QuickRatio}_{i,t-1}}{\mathrm{QuickRatio}_{i,t-1}}\)	Percentage change in quick ratio	paper_definition	Percentage change in quick ratio	Descriptors are estimated on 1965-1972 or 1973-1977 data; annual positions are formed for 1973-1983 three months after fiscal year-end.	Descriptors are estimated on 1965-1972 or 1973-1977 data; annual positions are formed for 1973-1983 three months after fiscal year-end.			The published portfolio cutoffs apply to composite Pr (>0.6 versus <=0.4), not to pchquick. Mean monthly returns on each composite position; the reported hedge is the zero-investment difference between the two sides. Annual overlapping formation with monthly portfolio rebalancing in the cumulative-return calculation. 24 months.	The published portfolio cutoffs apply to composite Pr (>0.6 versus <=0.4), not to pchquick. Mean monthly returns on each composite position; the reported hedge is the zero-investment difference between the two sides. Annual overlapping formation with monthly portfolio rebalancing in the cumulative-return calculation. 24 months.	not-simple	papers/ou-1989/ou-1989.pdf		https://doi.org/10.1016/0165-4101(89)90017-7	按论文变量定义转写。	Transcribed from the paper's variable definition.
pchsale_pchinvt	abarbanell-1998	original_paper	Abnormal Returns to a Fundamental Analysis Strategy	1998	\(\displaystyle g(\mathrm{SALE}_{i,t})-g(\mathrm{INVT}_{i,t})\)	% change in sales - % change in inventory	paper_definition	% change in sales - % change in inventory	Sample 1974-1988 for the main strategy and 1989-1993 for the holdout period; signals are formed from annual accounting data.	Sample 1974-1988 for the main strategy and 1989-1993 for the holdout period; signals are formed from annual accounting data.			Annual decile ranks of the signal, beta, and earnings-change controls. OLS-derived zero-investment weights on [1, RSIGNAL, RBETA, RCEPS]. Annual. 12 months.	Annual decile ranks of the signal, beta, and earnings-change controls. OLS-derived zero-investment weights on [1, RSIGNAL, RBETA, RCEPS]. Annual. 12 months.	not-simple	papers/abarbanell-1998/abarbanell-bushee-1998.pdf		https://www.jstor.org/stable/248340	按论文变量定义转写。	Transcribed from the paper's variable definition.
pchsale_pchrect	abarbanell-1998	original_paper	Abnormal Returns to a Fundamental Analysis Strategy	1998	\(\displaystyle g(\mathrm{SALE}_{i,t})-g(\mathrm{RECT}_{i,t})\)	% change in sales - % change in accounts receivable	paper_definition	% change in sales - % change in accounts receivable	Sample 1974-1988 for the main strategy and 1989-1993 for the holdout period; signals are formed from annual accounting data.	Sample 1974-1988 for the main strategy and 1989-1993 for the holdout period; signals are formed from annual accounting data.			Annual decile ranks of the signal, beta, and earnings-change controls. OLS-derived zero-investment weights on [1, RSIGNAL, RBETA, RCEPS]. Annual. 12 months.	Annual decile ranks of the signal, beta, and earnings-change controls. OLS-derived zero-investment weights on [1, RSIGNAL, RBETA, RCEPS]. Annual. 12 months.	not-simple	papers/abarbanell-1998/abarbanell-bushee-1998.pdf		https://www.jstor.org/stable/248340	按论文变量定义转写。	Transcribed from the paper's variable definition.
pchsale_pchxsga	abarbanell-1998	original_paper	Abnormal Returns to a Fundamental Analysis Strategy	1998	\(\displaystyle g(\mathrm{SALE}_{i,t})-g(\mathrm{XSGA}_{i,t})\)	% change in sales - % change in SG&A	paper_definition	% change in sales - % change in SG&A	Sample 1974-1988 for the main strategy and 1989-1993 for the holdout period; signals are formed from annual accounting data.	Sample 1974-1988 for the main strategy and 1989-1993 for the holdout period; signals are formed from annual accounting data.			Annual decile ranks of the signal, beta, and earnings-change controls. OLS-derived zero-investment weights on [1, RSIGNAL, RBETA, RCEPS]. Annual. 12 months.	Annual decile ranks of the signal, beta, and earnings-change controls. OLS-derived zero-investment weights on [1, RSIGNAL, RBETA, RCEPS]. Annual. 12 months.	not-simple	papers/abarbanell-1998/abarbanell-bushee-1998.pdf		https://www.jstor.org/stable/248340	按论文变量定义转写。	Transcribed from the paper's variable definition.
pchsaleinv	ou-1989	original_paper	Financial statement analysis and the prediction of stock returns	1989	\(\displaystyle \mathrm{PCHSALEINV}_{i,t}=\frac{\mathrm{SALE}_{i,t}/\mathrm{INVT}_{i,t}-\mathrm{SALE}_{i,t-1}/\mathrm{INVT}_{i,t-1}}{\mathrm{SALE}_{i,t-1}/\mathrm{INVT}_{i,t-1}}\)	Percentage change in inventory turnover (sales to inventory)	paper_definition	Percentage change in inventory turnover (sales to inventory)	Descriptors are estimated on 1965-1972 or 1973-1977 data; annual positions are formed for 1973-1983 three months after fiscal year-end.	Descriptors are estimated on 1965-1972 or 1973-1977 data; annual positions are formed for 1973-1983 three months after fiscal year-end.			The published portfolio cutoffs apply to composite Pr (>0.6 versus <=0.4), not to pchsaleinv. Mean monthly returns on each composite position; the reported hedge is the zero-investment difference between the two sides. Annual overlapping formation with monthly portfolio rebalancing in the cumulative-return calculation. 24 months.	The published portfolio cutoffs apply to composite Pr (>0.6 versus <=0.4), not to pchsaleinv. Mean monthly returns on each composite position; the reported hedge is the zero-investment difference between the two sides. Annual overlapping formation with monthly portfolio rebalancing in the cumulative-return calculation. 24 months.	not-simple	papers/ou-1989/ou-1989.pdf		https://doi.org/10.1016/0165-4101(89)90017-7	按论文变量定义转写。	Transcribed from the paper's variable definition.
pctacc	hafzalla-2011	original_paper	Percent Accruals	2011	\(\displaystyle \mathrm{PCTACC}_{i,t}=\frac{\mathrm{NI}_{i,t}-\mathrm{CFO}_{i,t}}{\lvert\mathrm{NI}_{i,t}\rvert}\)	(Net Income - Cash from Operations) / |Net Income|	paper_definition	(Net Income - Cash from Operations) / |Net Income|	Nonfinancial Compustat/CRSP firm-years spanning 1989-2008; returns start on the first day of the fourth month after fiscal year-end.	Nonfinancial Compustat/CRSP firm-years spanning 1989-2008; returns start on the first day of the fourth month after fiscal year-end.			Prior-year decile breakpoints; ten portfolios; Table 4 reports decile 1 through 10 and decile 1 minus decile 10. Not explicitly stated for the accrual decile portfolios; excess returns use equally weighted size-reference portfolios. Annual. One year.	Prior-year decile breakpoints; ten portfolios; Table 4 reports decile 1 through 10 and decile 1 minus decile 10. Not explicitly stated for the accrual decile portfolios; excess returns use equally weighted size-reference portfolios. Annual. One year.	L-H	papers/hafzalla-2011/hafzalla-2011-publisher.pdf		https://doi.org/10.2308/accr.00000011	按论文变量定义转写。	Transcribed from the paper's variable definition.
pm	soliman-2008	original_paper	The Use of DuPont Analysis by Market Participants	2008	\(\displaystyle \mathrm{PM}_{i,t}=\frac{\mathrm{OperatingIncome}_{i,t}}{\mathrm{SALE}_{i,t}}\)	PM = operating income divided by total sales	paper_definition	PM = operating income divided by total sales	38,716 firm-years from 1984-2002; future returns begin four months after fiscal year-end.	38,716 firm-years from 1984-2002; future returns begin four months after fiscal year-end.			Annual decile ranks in future-return regressions. N/A; regression evidence rather than a standalone PM portfolio. annual One year.	Annual decile ranks in future-return regressions. N/A; regression evidence rather than a standalone PM portfolio. annual One year.	not-simple	papers/soliman-2008/soliman-2008-publisher.pdf		https://onlinelibrary.wiley.com/doi/abs/10.2308/accr.2008.83.3.823	按论文变量定义转写。	Transcribed from the paper's variable definition.
pscore	piotroski-2000	original_paper	Value Investing: The Use of Historical Financial Statement Information to Separate Winners from Losers	2000	\(\displaystyle \mathrm{FScore}_{i,t}=\mathbf{1}_{ROA}+\mathbf{1}_{\Delta ROA}+\mathbf{1}_{CFO}+\mathbf{1}_{Accrual}+\mathbf{1}_{\Delta Margin}+\mathbf{1}_{\Delta Turnover}+\mathbf{1}_{\Delta Leverage}+\mathbf{1}_{\Delta Liquidity}+\mathbf{1}_{NoIssue}\)	F-SCORE = sum of nine binary financial statement signals	paper_definition	F-SCORE = sum of nine binary financial statement signals	High book-to-market firms only; 14,043 high-BM firm-years over 21 years; returns start at the beginning of the fifth month after fiscal year-end.	High book-to-market firms only; 14,043 high-BM firm-years over 21 years; returns start at the beginning of the fifth month after fiscal year-end.			Highest BM quintile first; main F-SCORE extremes use 0-1 versus 8-9; calendar-year hedge uses >=5 versus <5. Mean buy-and-hold firm returns / equal-weighted portfolio comparison; market-adjusted returns subtract the value-weighted market index buy-and-hold return. Annual. 12 months for main one-year returns; two-year returns also reported.	Highest BM quintile first; main F-SCORE extremes use 0-1 versus 8-9; calendar-year hedge uses >=5 versus <5. Mean buy-and-hold firm returns / equal-weighted portfolio comparison; market-adjusted returns subtract the value-weighted market index buy-and-hold return. Annual. 12 months for main one-year returns; two-year returns also reported.	H-L	papers/piotroski-2000/piotroski-2000.pdf		https://www.jstor.org/stable/2672906	按论文变量定义转写。	Transcribed from the paper's variable definition.
quick	ou-1989	original_paper	Financial statement analysis and the prediction of stock returns	1989	\(\displaystyle \mathrm{QuickRatio}_{i,t}=\frac{\mathrm{ACT}_{i,t}-\mathrm{INVT}_{i,t}}{\mathrm{LCT}_{i,t}}\)	Quick ratio	paper_definition	Quick ratio	Descriptors are estimated on 1965-1972 or 1973-1977 data; annual positions are formed for 1973-1983 three months after fiscal year-end.	Descriptors are estimated on 1965-1972 or 1973-1977 data; annual positions are formed for 1973-1983 three months after fiscal year-end.			The published portfolio cutoffs apply to composite Pr (>0.6 versus <=0.4), not to quick ratio. Mean monthly returns on each composite position; the reported hedge is the zero-investment difference between the two sides. Annual overlapping formation with monthly portfolio rebalancing in the cumulative-return calculation. 24 months.	The published portfolio cutoffs apply to composite Pr (>0.6 versus <=0.4), not to quick ratio. Mean monthly returns on each composite position; the reported hedge is the zero-investment difference between the two sides. Annual overlapping formation with monthly portfolio rebalancing in the cumulative-return calculation. 24 months.	not-simple	papers/ou-1989/ou-1989.pdf		https://doi.org/10.1016/0165-4101(89)90017-7	按论文变量定义转写。	Transcribed from the paper's variable definition.
rd	eberhart-2004	original_paper	An Examination of Long-Term Abnormal Stock Returns and Operating Performance Following R&D Increases	2004	\(\displaystyle \mathrm{RDIncrease}_{i,t}=\mathbf{1}\!\left[g(\mathrm{R\&DIntensity}_{i,t})\ge 5\%\right]\)	R&D increase	paper_definition	R&D increase	Post-increase abnormal returns are tracked for 60 months.	Post-increase abnormal returns are tracked for 60 months.			One sample-firm versus matched-firm screen; no quantile breakpoint table in the cited passage. N/A Event-driven. 60 months.	One sample-firm versus matched-firm screen; no quantile breakpoint table in the cited passage. N/A Event-driven. 60 months.	not-simple	papers/eberhart-2004/eberhart-maxwell-siddique-2004-jstor.pdf		https://onlinelibrary.wiley.com/doi/10.1111/j.1540-6261.2004.00644.x	按论文变量定义转写。	Transcribed from the paper's variable definition.
rd_sale	guo-2006	original_paper	Explaining the Short- and Long-Term IPO Anomalies in the US by R&D	2006	\(\displaystyle \mathrm{RD\_SALES}_{i}=\frac{\mathrm{PreIPO\ R\&D}_{i}}{\mathrm{PreIPO\ Sales}_{i}}\)	RD_SALES = pre-IPO annual R&D expenditures / pre-IPO annual sales	paper_definition	RD_SALES = pre-IPO annual R&D expenditures / pre-IPO annual sales	2,696 U.S. IPOs issued during 1980-1995; portfolio returns run from the 7th through the 42nd month after each IPO, over April 1981-December 1998.	2,696 U.S. IPOs issued during 1980-1995; portfolio returns run from the 7th through the 42nd month after each IPO, over April 1981-December 1998.			Within each IPO year, positive-R&D firms are split below/above that year's median RD_SALES; zero-R&D firms form a separate group. Equal-weighted calendar-month portfolio returns. monthly Months 7-42 after the offering; constituents enter and leave with IPO age.	Within each IPO year, positive-R&D firms are split below/above that year's median RD_SALES; zero-R&D firms form a separate group. Equal-weighted calendar-month portfolio returns. monthly Months 7-42 after the offering; constituents enter and leave with IPO age.	H-L	papers/guo-2006/guo-2006-publisher.pdf		https://doi.org/10.1111/j.1468-5957.2006.00610.x	按论文变量定义转写。	Transcribed from the paper's variable definition.
rdm	chan-2001	original_paper	The Stock Market Valuation of Research and Development Expenditures	2001	\(\displaystyle \mathrm{RDM}_{i,t}=\frac{\mathrm{XRD}_{i,t}}{\mathrm{ME}_{i,t}}\)	R&D expenditures relative to market value of equity	paper_definition	R&D expenditures relative to market value of equity	Domestic NYSE/AMEX/Nasdaq primary stocks with CRSP and COMPUSTAT coverage; portfolios formed at end of April each year from 1975 to 1995 using most recently available accounting data with a four-month reporting delay.	Domestic NYSE/AMEX/Nasdaq primary stocks with CRSP and COMPUSTAT coverage; portfolios formed at end of April each year from 1975 to 1995 using most recently available accounting data with a four-month reporting delay.			Five portfolios by R&D-to-market among firms with R&D; no-R&D firms are reported separately; OCR table indicates 1 Low through 5 High. Equally weighted annual buy-and-hold portfolio returns; excess returns use size/book-to-market matched control portfolios. Annual April formation; text says portfolio composition is revised each year. First, second, and third postformation years and average over the three postformation years.	Five portfolios by R&D-to-market among firms with R&D; no-R&D firms are reported separately; OCR table indicates 1 Low through 5 High. Equally weighted annual buy-and-hold portfolio returns; excess returns use size/book-to-market matched control portfolios. Annual April formation; text says portfolio composition is revised each year. First, second, and third postformation years and average over the three postformation years.	not-simple	papers/chan-2001/chan-lakonishok-sougiannis-2001-jstor.pdf		https://onlinelibrary.wiley.com/doi/10.1111/0022-1082.00411	按论文变量定义转写。	Transcribed from the paper's variable definition.
re	chan-1996	original_paper	Momentum Strategies	1996	\(\displaystyle \mathrm{RE}_{i,t}=\frac{1}{6\,P_{i,t-1}}\sum_{k=1}^{6}\Delta\overline{\mathrm{EPSForecast}}_{i,t-k}\)	moving average of the last six months' revisions in mean I/B/E/S current-fiscal-year EPS estimates, scaled by beginning-of-month stock price	paper_definition	moving average of the last six months' revisions in mean I/B/E/S current-fiscal-year EPS estimates, scaled by beginning-of-month stock price	Domestic NYSE/AMEX/Nasdaq primary stocks with CRSP, COMPUSTAT, and I/B/E/S forecast data where available; monthly formations from January 1977 to January 1993; returns start after skipping the first five days after formation.	Domestic NYSE/AMEX/Nasdaq primary stocks with CRSP, COMPUSTAT, and I/B/E/S forecast data where available; monthly formations from January 1977 to January 1993; returns start after skipping the first five days after formation.			NYSE-only decile breakpoints. Equal-weighted stocks within each decile portfolio. Monthly formation/ranking; remaining stocks rebalanced to equal weights at the end of each reported period for subsequent-period returns. Following six months and first, second, and third subsequent years; Table X two-way strategy uses six-month holding then reforming.	NYSE-only decile breakpoints. Equal-weighted stocks within each decile portfolio. Monthly formation/ranking; remaining stocks rebalanced to equal weights at the end of each reported period for subsequent-period returns. Following six months and first, second, and third subsequent years; Table X two-way strategy uses six-month holding then reforming.	not-simple	papers/chan-1996/chan-jegadeesh-lakonishok-1996-jstor.pdf		https://onlinelibrary.wiley.com/doi/10.1111/j.1540-6261.1996.tb05222.x	按论文变量定义转写。	Transcribed from the paper's variable definition.
realestate	tuzel-2010	original_paper	Corporate Real Estate Holdings and the Cross-Section of Stock Returns	2010	\(\displaystyle \mathrm{RER}_{i,t}=\frac{\mathrm{Buildings}_{i,t}+\mathrm{CapitalizedLeases}_{i,t}}{\mathrm{PPE}_{i,t}}-\overline{\left(\frac{\mathrm{Buildings}+\mathrm{CapitalizedLeases}}{\mathrm{PPE}}\right)}_{\,\mathrm{SIC2}(i),t}\)	RER = [(buildings + capitalized leases) / PPE]firm minus the corresponding two-digit-SIC industry average	paper_definition	RER = [(buildings + capitalized leases) / PPE]firm minus the corresponding two-digit-SIC industry average	Non-real-estate Compustat firms with capital-composition data, matched to CRSP returns from July 1971-June 2005; fiscal-year t-1 accounting data are matched to July t-June t+1 returns with at least a six-month lag.	Non-real-estate Compustat firms with capital-composition data, matched to CRSP returns from July 1971-June 2005; fiscal-year t-1 accounting data are matched to July t-June t+1 returns with at least a six-month lag.			Annual quintiles on industry-adjusted RER. Value-weighted and equal-weighted monthly returns are reported; the significant main 5-1 results use value weighting. Annual. 12 months, July through June after formation.	Annual quintiles on industry-adjusted RER. Value-weighted and equal-weighted monthly returns are reported; the significant main 5-1 results use value weighting. Annual. 12 months, July through June after formation.	H-L	papers/tuzel-2010/tuzel-2010-publisher-fulltext.html		https://doi.org/10.1093/rfs/hhq006	按论文变量定义转写。	Transcribed from the paper's variable definition.
rna	soliman-2008	original_paper	The Use of DuPont Analysis by Market Participants	2008	\(\displaystyle \mathrm{RNOA}_{i,t}=\mathrm{PM}_{i,t}\times\mathrm{ATO}_{i,t}\)	repository label is quarterly return on net operating assets / quarterly asset turnover; paper variable is annual RNOA = PM × ATO	closest_paper_measure	repository label is quarterly return on net operating assets / quarterly asset turnover; paper variable is annual RNOA = PM × ATO	38,716 annual firm-years from 1984-2002.	38,716 annual firm-years from 1984-2002.			N/A; annual regression variables do not match the quarterly repository characteristic. N/A annual in the paper; quarterly in the repository label N/A	N/A; annual regression variables do not match the quarterly repository characteristic. N/A annual in the paper; quarterly in the repository label N/A	not-simple	papers/soliman-2008/soliman-2008-publisher.pdf		https://onlinelibrary.wiley.com/doi/abs/10.2308/accr.2008.83.3.823	论文只给出最接近口径，与项目指标不完全相同。	The paper provides the closest available measure; it is not identical to the project signal.
roa	balakrishnan-2010	original_paper	Post Loss/Profit Announcement Drift	2010	\(\displaystyle \mathrm{ROA}_{i,q}=\frac{\mathrm{IBQ}_{i,q}}{\mathrm{ATQ}_{i,q-1}}\)	Quarterly earnings scaled by beginning-of-quarter total assets	paper_definition	Quarterly earnings scaled by beginning-of-quarter total assets	458,693 firm-quarters over 1976-2005; day 0 is the quarterly earnings announcement date.	458,693 firm-quarters over 1976-2005; day 0 is the quarterly earnings announcement date.			Quarterly deciles; cutoffs in quarter q use the earnings distribution from quarter q-1 to avoid look-ahead bias. Abnormal returns are size-adjusted or Carhart four-factor adjusted; the hedge is the High Profit portfolio minus the High Loss portfolio. Quarterly. 60 or 120 trading days after announcement; the headline hedge uses [1,120].	Quarterly deciles; cutoffs in quarter q use the earnings distribution from quarter q-1 to avoid look-ahead bias. Abnormal returns are size-adjusted or Carhart four-factor adjusted; the hedge is the High Profit portfolio minus the High Loss portfolio. Quarterly. 60 or 120 trading days after announcement; the headline hedge uses [1,120].	H-L	papers/balakrishnan-2010/balakrishnan-2010-authoritative-fulltext.html		https://www.sciencedirect.com/science/article/pii/S0165410110000020	按论文变量定义转写。	Transcribed from the paper's variable definition.
roavol	francis-2004	original_paper	Costs of Equity and Earnings Attributes	2004	\(\displaystyle \mathrm{EarnVar}_{i,t}=\operatorname{SD}_{\tau=t-9,\ldots,t}\!\left(\frac{\mathrm{IB}_{i,\tau}}{\mathrm{AT}_{i,\tau-1}}\right)\)	EarnVar = rolling ten-year standard deviation of net income before extraordinary items scaled by beginning-of-year total assets	paper_definition	EarnVar = rolling ten-year standard deviation of net income before extraordinary items scaled by beginning-of-year total assets	Full sample covers 1975-2001; each firm-year EarnVar uses a rolling ten-year window.	Full sample covers 1975-2001; each firm-year EarnVar uses a rolling ten-year window.			Annual decile ranks of EarnVar; paper reports most-variable versus least-variable earnings deciles. N/A; reported outcomes are implied cost-of-equity differences/regression coefficients, not portfolio returns. annual N/A; cross-sectional expected cost-of-equity analysis.	Annual decile ranks of EarnVar; paper reports most-variable versus least-variable earnings deciles. N/A; reported outcomes are implied cost-of-equity differences/regression coefficients, not portfolio returns. annual N/A; cross-sectional expected cost-of-equity analysis.	not-simple	papers/francis-2004/francis-2004-publisher.pdf		https://doi.org/10.2308/accr.2004.79.4.967	按论文变量定义转写。	Transcribed from the paper's variable definition.
roe	hou-2015	original_paper	Digesting Anomalies: An Investment Approach	2015	\(\displaystyle \mathrm{ROE}_{i,q}=\frac{\mathrm{IBQ}_{i,q}}{\mathrm{BookEquity}_{i,q-1}}\)	income before extraordinary items (Compustat quarterly item IBQ) divided by one-quarter-lagged book equity	paper_definition	income before extraordinary items (Compustat quarterly item IBQ) divided by one-quarter-lagged book equity	January 1972-December 2012; excludes financial firms and firms with negative book equity; quarterly earnings enter immediately after public announcement dates RDQ, subject to a six-month freshness limit.	January 1972-December 2012; excludes financial firms and firms with negative book equity; quarterly earnings enter immediately after public announcement dates RDQ, subject to a six-month freshness limit.			NYSE median size split; NYSE 30/40/30 investment breakpoints; monthly NYSE 30/40/30 ranked-ROE breakpoints; 18 intersections. Monthly value-weighted portfolio returns; factor uses simple averages across six high-ROE and six low-ROE portfolios. Monthly; ROE portfolios reconstructed monthly, size and investment resorted each June. One month.	NYSE median size split; NYSE 30/40/30 investment breakpoints; monthly NYSE 30/40/30 ranked-ROE breakpoints; 18 intersections. Monthly value-weighted portfolio returns; factor uses simple averages across six high-ROE and six low-ROE portfolios. Monthly; ROE portfolios reconstructed monthly, size and investment resorted each June. One month.	H-L	papers/hou-2015/hou-2015-publisher-fulltext.html		https://doi.org/10.1093/rfs/hhu068	按论文变量定义转写。	Transcribed from the paper's variable definition.
roic	brown-2007	original_paper	The Productivity Premium in Equity Returns	2007	\(\displaystyle \mathrm{ROIC}_{i,t}=\frac{\mathrm{EBIT}_{i,t}-\mathrm{NOPI}_{i,t}}{\mathrm{LT}_{i,t}+\mathrm{CEQ}_{i,t}-\mathrm{CHE}_{i,t}}\)	return on invested capital	paper_definition	return on invested capital	Annual Compustat data; the original working paper studies subsequent 12-month returns.	Annual Compustat data; the original working paper studies subsequent 12-month returns.			The original paper uses portfolio sorts; exact breakpoints are not available in a final published source. Equal-weighted in the formal replication record. Annual signal. 12 months.	The original paper uses portfolio sorts; exact breakpoints are not available in a final published source. Equal-weighted in the formal replication record. Annual signal. 12 months.	H-L			https://papers.ssrn.com/sol3/papers.cfm?abstract_id=993467	按论文变量定义转写。	Transcribed from the paper's variable definition.
rsup	kama-2009	original_paper	On the Market Reaction to Revenue and Earnings Surprises	2009	\(\displaystyle \mathrm{SURG}_{i,q}=\frac{\mathrm{RevenuePerShare}_{i,q}-\mathrm{RevenuePerShare}_{i,q-4}}{\sigma_i(\Delta_4\mathrm{RevenuePerShare})}\)	standardized unexpected revenue (SURG), calculated like SUE but using revenue per share	paper_definition	standardized unexpected revenue (SURG), calculated like SUE but using revenue per share	Compustat/CRSP public companies from 1974-2005, excluding financial institutions and utilities and trimming the extreme 1% on each side for SUE, SURG, and SAR.	Compustat/CRSP public companies from 1974-2005, excluding financial institutions and utilities and trimming the extreme 1% on each side for SUE, SURG, and SAR.			No standalone SURG portfolio breakpoints; regressions use continuous SURG and Table 6 uses sign combinations of SUE and SURG. Size-adjusted returns; no standalone simple SURG portfolio weighting. Quarterly event observations; no simple sorted-portfolio rebalance. Days -2 through +1 around earnings announcement; post-announcement regression uses day +2 through six months after announcement.	No standalone SURG portfolio breakpoints; regressions use continuous SURG and Table 6 uses sign combinations of SUE and SURG. Size-adjusted returns; no standalone simple SURG portfolio weighting. Quarterly event observations; no simple sorted-portfolio rebalance. Days -2 through +1 around earnings announcement; post-announcement regression uses day +2 through six months after announcement.	not-simple	papers/kama-2009/kama-2009-author-copy.pdf		https://doi.org/10.1111/j.1468-5957.2008.02121.x	按论文变量定义转写。	Transcribed from the paper's variable definition.
rvar_capm	ang-2006	original_paper	The Cross-Section of Volatility and Expected Returns	2006	\(\displaystyle R_{i,d}-R_{f,d}=\alpha_i+\beta_i(R_{m,d}-R_{f,d})+\varepsilon_{i,d},\qquad \mathrm{IVOL}^{CAPM}_{i,t}=\operatorname{Var}(\varepsilon_{i,d})\)	CAPM residual variance from daily returns	paper_definition	CAPM residual variance from daily returns	Published benchmark: July 1963-December 2000; daily returns over the previous month, monthly portfolio formation. Repository method label: rolling three-month daily-return window.	Published benchmark: July 1963-December 2000; daily returns over the previous month, monthly portfolio formation. Repository method label: rolling three-month daily-return window.			Monthly quintiles from lowest to highest residual volatility. Value-weighted quintile portfolios. Monthly. One month in the paper.	Monthly quintiles from lowest to highest residual volatility. Value-weighted quintile portfolios. Monthly. One month in the paper.	L-H	papers/ang-2006/ang-hodrick-xing-zhang-2006.pdf		https://doi.org/10.1111/j.1540-6261.2006.00836.x	按论文变量定义转写。	Transcribed from the paper's variable definition.
rvar_ff3	ang-2006	original_paper	The Cross-Section of Volatility and Expected Returns	2006	\(\displaystyle R_{i,d}-R_{f,d}=\alpha_i+\beta_i^M\mathrm{MKT}_d+\beta_i^S\mathrm{SMB}_d+\beta_i^H\mathrm{HML}_d+\varepsilon_{i,d},\qquad \mathrm{IVOL}^{FF3}_{i,t}=\operatorname{Var}(\varepsilon_{i,d})\)	FF3 residual variance var(εᵢ) from daily returns	paper_definition	FF3 residual variance var(εᵢ) from daily returns	Published benchmark: July 1963-December 2000; daily returns over the previous month, monthly portfolio formation. Repository method label: rolling three-month daily-return window.	Published benchmark: July 1963-December 2000; daily returns over the previous month, monthly portfolio formation. Repository method label: rolling three-month daily-return window.			Monthly quintiles from lowest to highest FF3 residual volatility. Value-weighted quintile portfolios. Monthly. One month in the paper.	Monthly quintiles from lowest to highest FF3 residual volatility. Value-weighted quintile portfolios. Monthly. One month in the paper.	L-H	papers/ang-2006/ang-hodrick-xing-zhang-2006.pdf		https://doi.org/10.1111/j.1540-6261.2006.00836.x	按论文变量定义转写。	Transcribed from the paper's variable definition.
rvar_mean	ang-2006	original_paper	The Cross-Section of Volatility and Expected Returns	2006	\(\displaystyle \mathrm{TVOL}_{i,t}=\operatorname{Var}_{d\in t-1}(R_{i,d})\)	total variance of daily stock returns	paper_definition	total variance of daily stock returns	Published benchmark: July 1963-December 2000; daily returns over the previous month, monthly portfolio formation. Repository method label: rolling three-month daily-return window.	Published benchmark: July 1963-December 2000; daily returns over the previous month, monthly portfolio formation. Repository method label: rolling three-month daily-return window.			Monthly quintiles from lowest to highest total volatility. Value-weighted quintile portfolios. Monthly. One month in the paper.	Monthly quintiles from lowest to highest total volatility. Value-weighted quintile portfolios. Monthly. One month in the paper.	L-H	papers/ang-2006/ang-hodrick-xing-zhang-2006.pdf		https://doi.org/10.1111/j.1540-6261.2006.00836.x	按论文变量定义转写。	Transcribed from the paper's variable definition.
salecash	ou-1989	original_paper	Financial statement analysis and the prediction of stock returns	1989	\(\displaystyle \mathrm{SALECASH}_{i,t}=\frac{\mathrm{SALE}_{i,t}}{\mathrm{CHE}_{i,t}}\)	Sales to total cash	paper_definition	Sales to total cash	Descriptors are estimated on 1965-1972 or 1973-1977 data; annual positions are formed for 1973-1983 three months after fiscal year-end.	Descriptors are estimated on 1965-1972 or 1973-1977 data; annual positions are formed for 1973-1983 three months after fiscal year-end.			The published portfolio cutoffs apply to composite Pr (>0.6 versus <=0.4), not to salecash. Mean monthly returns on each composite position; the reported hedge is the zero-investment difference between the two sides. Annual overlapping formation with monthly portfolio rebalancing in the cumulative-return calculation. 24 months.	The published portfolio cutoffs apply to composite Pr (>0.6 versus <=0.4), not to salecash. Mean monthly returns on each composite position; the reported hedge is the zero-investment difference between the two sides. Annual overlapping formation with monthly portfolio rebalancing in the cumulative-return calculation. 24 months.	not-simple	papers/ou-1989/ou-1989.pdf		https://doi.org/10.1016/0165-4101(89)90017-7	按论文变量定义转写。	Transcribed from the paper's variable definition.
saleinv	ou-1989	original_paper	Financial statement analysis and the prediction of stock returns	1989	\(\displaystyle \mathrm{SALEINV}_{i,t}=\frac{\mathrm{SALE}_{i,t}}{\mathrm{INVT}_{i,t}}\)	Sales to inventory	paper_definition	Sales to inventory	Descriptors are estimated on 1965-1972 or 1973-1977 data; annual positions are formed for 1973-1983 three months after fiscal year-end.	Descriptors are estimated on 1965-1972 or 1973-1977 data; annual positions are formed for 1973-1983 three months after fiscal year-end.			The published portfolio cutoffs apply to composite Pr (>0.6 versus <=0.4), not to saleinv. Mean monthly returns on each composite position; the reported hedge is the zero-investment difference between the two sides. Annual overlapping formation with monthly portfolio rebalancing in the cumulative-return calculation. 24 months.	The published portfolio cutoffs apply to composite Pr (>0.6 versus <=0.4), not to saleinv. Mean monthly returns on each composite position; the reported hedge is the zero-investment difference between the two sides. Annual overlapping formation with monthly portfolio rebalancing in the cumulative-return calculation. 24 months.	not-simple	papers/ou-1989/ou-1989.pdf		https://doi.org/10.1016/0165-4101(89)90017-7	按论文变量定义转写。	Transcribed from the paper's variable definition.
salerec	ou-1989	original_paper	Financial statement analysis and the prediction of stock returns	1989	\(\displaystyle \mathrm{SALEREC}_{i,t}=\frac{\mathrm{SALE}_{i,t}}{\mathrm{RECT}_{i,t}}\)	Sales to accounts receivable	paper_definition	Sales to accounts receivable	Descriptors are estimated on 1965-1972 or 1973-1977 data; annual positions are formed for 1973-1983 three months after fiscal year-end.	Descriptors are estimated on 1965-1972 or 1973-1977 data; annual positions are formed for 1973-1983 three months after fiscal year-end.			The published portfolio cutoffs apply to composite Pr (>0.6 versus <=0.4), not to salerec. Mean monthly returns on each composite position; the reported hedge is the zero-investment difference between the two sides. Annual overlapping formation with monthly portfolio rebalancing in the cumulative-return calculation. 24 months.	The published portfolio cutoffs apply to composite Pr (>0.6 versus <=0.4), not to salerec. Mean monthly returns on each composite position; the reported hedge is the zero-investment difference between the two sides. Annual overlapping formation with monthly portfolio rebalancing in the cumulative-return calculation. 24 months.	not-simple	papers/ou-1989/ou-1989.pdf		https://doi.org/10.1016/0165-4101(89)90017-7	按论文变量定义转写。	Transcribed from the paper's variable definition.
seas1a	heston-2008	original_paper	Seasonality in the cross-section of stock returns	2008	\(\displaystyle \mathrm{SEAS1A}_{i,t}=R_{i,t-12}\)	Past same-calendar-month return at the 12-month annual lag	paper_definition	Past same-calendar-month return at the 12-month annual lag	January 1965-December 2002 monthly returns for NYSE- and AMEX-listed stocks.	January 1965-December 2002 monthly returns for NYSE- and AMEX-listed stocks.			Ten portfolios with equal numbers of stocks; seas1a sorts on the 12-month lagged return. Equal-weighted portfolios. Monthly. Next month.	Ten portfolios with equal numbers of stocks; seas1a sorts on the 12-month lagged return. Equal-weighted portfolios. Monthly. Next month.	H-L	papers/heston-2008/heston-2008-publisher-fulltext.html		https://doi.org/10.1016/j.jfineco.2007.02.003	按论文变量定义转写。	Transcribed from the paper's variable definition.
secured	valta-2016	original_paper	Strategic Default, Debt Structure, and Stock Returns	2016	\(\displaystyle \mathrm{SecuredDebtShare}_{i,t}=\frac{\mathrm{SecuredDebt}_{i,t}}{\mathrm{TotalDebt}_{i,t}}\)	secured debt / total debt	paper_definition	secured debt / total debt	U.S. CRSP/Compustat/Thomson sample, 1985-2012; fiscal year-ends in calendar t-1 are matched to July t through June t+1 returns; portfolios form monthly.	U.S. CRSP/Compustat/Thomson sample, 1985-2012; fiscal year-ends in calendar t-1 are matched to July t through June t+1 returns; portfolios form monthly.			Five monthly quantiles among firms with secured debt outstanding; panels also report low/high Z-score subsamples. Individual-stock quantile alphas and equal- and value-weighted monthly portfolio returns. Monthly. One month, with annual accounting data on July-to-June timing.	Five monthly quantiles among firms with secured debt outstanding; panels also report low/high Z-score subsamples. Individual-stock quantile alphas and equal- and value-weighted monthly portfolio returns. Monthly. One month, with annual accounting data on July-to-June timing.	H-L	papers/valta-2016/valta-2016-publisher.pdf		https://www.cambridge.org/core/journals/journal-of-financial-and-quantitative-analysis/article/abs/strategic-default-debt-structure-and-stock-returns/E68AD030B31B9D4E20BDA3B7EA881040	按论文变量定义转写。	Transcribed from the paper's variable definition.
securedind	valta-2016	original_paper	Strategic Default, Debt Structure, and Stock Returns	2016	\(\displaystyle \mathrm{SecuredDebtShare}_{i,t}=\frac{\mathrm{SecuredDebt}_{i,t}}{\mathrm{TotalDebt}_{i,t}}\)	no paper indicator; closest priced variable is secured debt / total debt	closest_paper_measure	no paper indicator; closest priced variable is secured debt / total debt	U.S. CRSP/Compustat/Thomson sample, 1985-2012; annual accounting data are matched to July-through-June returns and portfolios form monthly.	U.S. CRSP/Compustat/Thomson sample, 1985-2012; annual accounting data are matched to July-through-June returns and portfolios form monthly.			For the closest paper strategy, five monthly quantiles among firms with secured debt; no return-sort breakpoint for the repo binary indicator was found. Individual-stock quantile alphas and equal- and value-weighted monthly portfolio returns. Monthly. One month, with annual accounting data on July-to-June timing.	For the closest paper strategy, five monthly quantiles among firms with secured debt; no return-sort breakpoint for the repo binary indicator was found. Individual-stock quantile alphas and equal- and value-weighted monthly portfolio returns. Monthly. One month, with annual accounting data on July-to-June timing.	not-simple	papers/valta-2016/valta-2016-publisher.pdf		https://www.cambridge.org/core/journals/journal-of-financial-and-quantitative-analysis/article/abs/strategic-default-debt-structure-and-stock-returns/E68AD030B31B9D4E20BDA3B7EA881040	论文只给出最接近口径，与项目指标不完全相同。	The paper provides the closest available measure; it is not identical to the project signal.
sgr	lakonishok-1994	original_paper	Contrarian Investment, Extrapolation, and Risk	1994	\(\displaystyle \mathrm{SGR}_{i,t}=\frac{\sum_{k=1}^{5}(6-k)\,\operatorname{Rank}\!\left[g(\mathrm{SALE}_{i,t-k})\right]}{\sum_{k=1}^{5}(6-k)}\)	Five-year weighted-average rank of annual sales growth	paper_definition	Five-year weighted-average rank of annual sales growth	NYSE and AMEX; annual end-of-April formations beginning in 1968; accounting data from COMPUSTAT and returns from CRSP; performance examined for five years.	NYSE and AMEX; annual end-of-April formations beginning in 1968; accounting data from COMPUSTAT and returns from CRSP; performance examined for five years.			Deciles on the weighted-average five-year sales-growth rank. Equal-weighted within portfolios; raw and size-adjusted returns are reported. Annual formation and annual rebalancing. One through five post-formation years.	Deciles on the weighted-average five-year sales-growth rank. Equal-weighted within portfolios; raw and size-adjusted returns are reported. Annual formation and annual rebalancing. One through five post-formation years.	L-H	papers/lakonishok-1994/lakonishok-1994-publisher.pdf		https://doi.org/10.1111/j.1540-6261.1994.tb04772.x	按论文变量定义转写。	Transcribed from the paper's variable definition.
sin	hong-2009	original_paper	The price of sin: The effects of social norms on markets	2009	\(\displaystyle \mathrm{SIN}_{i,t}=\mathbf{1}\!\left\{i\in\mathrm{Alcohol,Tobacco,Gaming}\right\}\)	Sin-stock indicator: alcohol/beer, tobacco/smoke, and gaming classification from Fama-French SIC groups plus NAICS/segment screens	paper_definition	Sin-stock indicator: alcohol/beer, tobacco/smoke, and gaming classification from Fama-French SIC groups plus NAICS/segment screens	CRSP/Compustat firm data cover 1962-2006; the main time-series return regressions use 1965-2006, with a longer 1926-2006 specification also reported.	CRSP/Compustat firm data cover 1962-2006; the main time-series return regressions use 1965-2006, with a longer 1926-2006 specification also reported.			No decile breakpoints; binary sin classification versus comparable industries. Equal-weighted sin portfolio and equal-weighted comparable portfolio. Monthly. One month.	No decile breakpoints; binary sin classification versus comparable industries. Equal-weighted sin portfolio and equal-weighted comparable portfolio. Monthly. One month.	H-L	papers/hong-2009/hong-2009-publisher-fulltext.html		https://doi.org/10.1016/j.jfineco.2008.09.001	按论文变量定义转写。	Transcribed from the paper's variable definition.
sp	barbee-1996	original_paper	Do Sales-Price and Debt-Equity Explain Stock Returns Better than Book-Market and Firm Size?	1996	\(\displaystyle \mathrm{SP}_{i,t}=\frac{\mathrm{SALE}_{i,t}}{\mathrm{ME}_{i,t}}\)	sales-price ratio, annual sales divided by fiscal-year-end market price	paper_definition	sales-price ratio, annual sales divided by fiscal-year-end market price	Nonfinancial NYSE/AMEX firms with December fiscal year-ends; Compustat financial data begin in 1978 and CRSP returns run April 1979-December 1991.	Nonfinancial NYSE/AMEX firms with December fiscal year-ends; Compustat financial data begin in 1978 and CRSP returns run April 1979-December 1991.			N/A; monthly regressions rather than characteristic-sorted portfolios. Regression-based; no portfolio weights. Annual financial signal aligned to monthly regressions. Monthly dependent returns; no paper-defined portfolio holding period.	N/A; monthly regressions rather than characteristic-sorted portfolios. Regression-based; no portfolio weights. Annual financial signal aligned to monthly regressions. Monthly dependent returns; no paper-defined portfolio holding period.	not-simple	papers/barbee-1996/barbee-1996-publisher.pdf		https://doi.org/10.2469/faj.v52.n2.1980	按论文变量定义转写。	Transcribed from the paper's variable definition.
std_dolvol	chordia-2001	original_paper	Trading Activity and Expected Stock Returns	2001	\(\displaystyle \mathrm{STDVOL}_{i,t}=\ln\!\left[\operatorname{SD}\!\left(\mathrm{DollarVolume}_{i,\tau}\right)_{\tau=t-37}^{t-2}\right]\)	natural logarithm of the standard deviation of dollar trading volume over the past 36 months	paper_definition	natural logarithm of the standard deviation of dollar trading volume over the past 36 months	NYSE/AMEX common stocks, January 1966-December 1995; at least 12 dollar-volume observations in the prior 36 months are required.	NYSE/AMEX common stocks, January 1966-December 1995; at least 12 dollar-volume observations in the prior 36 months are required.			Monthly regression characteristic; the reported portfolio double sort is SIZE-CVVOL, not STDVOL endpoints. Fama-MacBeth and purged regression estimators; no standalone STDVOL portfolio weights. Monthly. One-month return regression.	Monthly regression characteristic; the reported portfolio double sort is SIZE-CVVOL, not STDVOL endpoints. Fama-MacBeth and purged regression estimators; no standalone STDVOL portfolio weights. Monthly. One-month return regression.	not-simple	papers/chordia-2001/chordia-2001-publisher-fulltext.html		https://www.sciencedirect.com/science/article/pii/S0304405X00000805	按论文变量定义转写。	Transcribed from the paper's variable definition.
std_turn	chordia-2001	original_paper	Trading Activity and Expected Stock Returns	2001	\(\displaystyle \mathrm{STDTURN}_{i,t}=\ln\!\left[\operatorname{SD}\!\left(\mathrm{Turnover}_{i,\tau}\right)_{\tau=t-37}^{t-2}\right]\)	natural logarithm of the standard deviation of share turnover over the past 36 months	paper_definition	natural logarithm of the standard deviation of share turnover over the past 36 months	NYSE/AMEX common stocks, January 1966-December 1995; monthly characteristics and returns.	NYSE/AMEX common stocks, January 1966-December 1995; monthly characteristics and returns.			Monthly regression characteristic; the reported portfolio double sort is SIZE-CVTURN, not STDTURN endpoints. Fama-MacBeth and purged regression estimators; no standalone STDTURN portfolio weights. Monthly. One-month return regression.	Monthly regression characteristic; the reported portfolio double sort is SIZE-CVTURN, not STDTURN endpoints. Fama-MacBeth and purged regression estimators; no standalone STDTURN portfolio weights. Monthly. One-month return regression.	not-simple	papers/chordia-2001/chordia-2001-publisher-fulltext.html		https://www.sciencedirect.com/science/article/pii/S0304405X00000805	按论文变量定义转写。	Transcribed from the paper's variable definition.
sue	rendelman-1982	original_paper	Empirical anomalies based on unexpected earnings and the importance of risk adjustments	1982	\(\displaystyle \mathrm{SUE}_{i,q}=\frac{\mathrm{EPS}_{i,q}-\mathrm{EPS}_{i,q-4}}{\sigma_i(\Delta_4\mathrm{EPS})}\)	standardized unexpected quarterly earnings (SUE)	paper_definition	standardized unexpected quarterly earnings (SUE)	36 quarters from 1971Q3 through 1980Q2; Compustat quarterly earnings and announcement dates are matched to CRSP daily returns.	36 quarters from 1971Q3 through 1980Q2; Compustat quarterly earnings and announcement dates are matched to CRSP daily returns.			Trading test: highest 20 versus lowest 20 SUE stocks. Event study: ten fixed SUE categories from SUE <= -4 through SUE > 4. Each 20-stock leg is divided into two equally weighted ten-stock groups and weighted to beta one; unadjusted results are also reported. Event-category excess returns are equally weighted. Quarterly/event-driven. Three months for the portfolio test, with starting positions one through five months after fiscal-quarter close; event study covers day -20 through +90 around the announcement.	Trading test: highest 20 versus lowest 20 SUE stocks. Event study: ten fixed SUE categories from SUE <= -4 through SUE > 4. Each 20-stock leg is divided into two equally weighted ten-stock groups and weighted to beta one; unadjusted results are also reported. Event-category excess returns are equally weighted. Quarterly/event-driven. Three months for the portfolio test, with starting positions one through five months after fiscal-quarter close; event study covers day -20 through +90 around the announcement.	H-L	papers/rendelman-1982/rendelman-1982-publisher.pdf		https://www.sciencedirect.com/science/article/abs/pii/0304405X82900034	按论文变量定义转写。	Transcribed from the paper's variable definition.
tang	almeida-2007	original_paper	Financial Constraints, Asset Tangibility, and Corporate Investment	2007	\(\displaystyle \mathrm{Tang}_{i,t}=\frac{\mathrm{CHE}_{i,t}+0.715\,\mathrm{RECT}_{i,t}+0.547\,\mathrm{INVT}_{i,t}+0.535\,\mathrm{PPENT}_{i,t}}{\mathrm{AT}_{i,t-1}}\)	asset tangibility / pledgeable assets	paper_definition	asset tangibility / pledgeable assets	COMPUSTAT manufacturing firms (SIC 2000-3999), 1985-2000; variables enter annual investment regressions in lagged form.	COMPUSTAT manufacturing firms (SIC 2000-3999), 1985-2000; variables enter annual investment regressions in lagged form.			Regression and sample-split tests; descriptive low/high tangibility groups use the bottom/top three annual deciles, but they are not return portfolios. Regression analysis; no stock-portfolio weights. Annual firm-year tests. N/A	Regression and sample-split tests; descriptive low/high tangibility groups use the bottom/top three annual deciles, but they are not return portfolios. Regression analysis; no stock-portfolio weights. Annual firm-year tests. N/A	not-simple	papers/almeida-2007/almeida-campello-2007.pdf		https://doi.org/10.1093/rfs/hhm019	按论文变量定义转写。	Transcribed from the paper's variable definition.
tb	lev-2004	original_paper	Taxable Income, Future Earnings, and Equity Values	2004	\(\displaystyle \mathrm{TAX}_{i,t}=\frac{\mathrm{EstimatedTaxableIncomeAfterTax}_{i,t}}{\mathrm{NetIncome}_{i,t}},\qquad \mathrm{RTAX}_{i,t}=\operatorname{IndustryQuintileRank}(\mathrm{TAX}_{i,t})\)	tax-to-book income ratio / R TAX	paper_definition	tax-to-book income ratio / R TAX	Sample years 1973-2000; annual accounting signal; future annual stock return is measured from May 1 of the subsequent year.	Sample years 1973-2000; annual accounting signal; future annual stock return is measured from May 1 of the subsequent year.			Within industry-year quintiles of TAX; R TAX=1 lowest quintile and R TAX=5 highest quintile. Regression-based; supplemental 2x2 portfolio analysis uses high/low R TAX crossed with high/low R CFO, not a pure tb portfolio. Annual. One-year-ahead return from May 1.	Within industry-year quintiles of TAX; R TAX=1 lowest quintile and R TAX=5 highest quintile. Regression-based; supplemental 2x2 portfolio analysis uses high/low R TAX crossed with high/low R CFO, not a pure tb portfolio. Annual. One-year-ahead return from May 1.	not-simple	papers/lev-2004/lev-nissim-2004.pdf		https://doi.org/10.2308/accr.2004.79.4.1039	按论文变量定义转写。	Transcribed from the paper's variable definition.
turn	datar-1998	original_paper	Liquidity and Stock Returns: An Alternative Test	1998	\(\displaystyle \mathrm{TURN}_{i,t}=\frac{\frac{1}{3}\sum_{\tau=t-3}^{t-1}\mathrm{Volume}_{i,\tau}}{\mathrm{SharesOutstanding}_{i,t-1}}\)	average shares traded over months t-3 to t-1 divided by shares outstanding	paper_definition	average shares traded over months t-3 to t-1 divided by shares outstanding	NYSE common stocks, July 1963-December 1991; 342 monthly cross-sectional regressions, with complete and 1%-trimmed samples.	NYSE common stocks, July 1963-December 1991; 342 monthly cross-sectional regressions, with complete and 1%-trimmed samples.			Regression characteristic; the 10th-versus-90th-percentile difference is an economic-magnitude calculation from the estimated slope, not a portfolio sort. GLS aggregation of monthly cross-sectional regression slopes; no portfolio weights. Monthly. One-month return regression.	Regression characteristic; the 10th-versus-90th-percentile difference is an economic-magnitude calculation from the estimated slope, not a portfolio sort. GLS aggregation of monthly cross-sectional regression slopes; no portfolio weights. Monthly. One-month return regression.	not-simple	papers/datar-1998/datar-1998-publisher-fulltext.html		https://www.sciencedirect.com/science/article/pii/S1386418197000049	按论文变量定义转写。	Transcribed from the paper's variable definition.
zerotrade	liu-2006	original_paper	A liquidity-augmented capital asset pricing model	2006	\(\displaystyle \mathrm{LM12}_{i,t}=\left[Z_{i,t}^{12}+\frac{1/\mathrm{TURN}_{i,t}^{12}}{\mathrm{Deflator}}\right]\frac{252}{\mathrm{TradingDays}_{i,t}^{12}}\)	LM12 = standardized turnover-adjusted number of zero daily trading volumes over the prior 12 months	paper_definition	LM12 = standardized turnover-adjusted number of zero daily trading volumes over the prior 12 months	January 1963-December 2003 NYSE/AMEX ordinary common stocks; portfolios form monthly from January 1964 to January 2003.	January 1963-December 2003 NYSE/AMEX ordinary common stocks; portfolios form monthly from January 1964 to January 2003.			Monthly deciles using NYSE breakpoints. Equal-weighted portfolios. Monthly. 12 months.	Monthly deciles using NYSE breakpoints. Equal-weighted portfolios. Monthly. 12 months.	H-L	papers/liu-2006/liu-2006-publisher-fulltext.html		https://doi.org/10.1016/j.jfineco.2005.10.001	按论文变量定义转写。	Transcribed from the paper's variable definition.
